id,playlist_id,artist_id,album_id,name
6oQvQqPdHbEBLB8ffnghhL,4ezS5cbw1d1lhWgxN5E7VC,4NEYQeEYBUjfaXgDQGvFvu,6zDg1q7wTpzkufi2JjFpjd,Si Quieres Decir Adiós (feat. Debi Nova)
2veq8h4qUiSCeSywkBobTt,4ezS5cbw1d1lhWgxN5E7VC,2qNrJcE9LjzPdiXbrjkqFa,4bKw1Jj00W9yaNdNTZxvE5,You're Still the One
3SrdmsBeOCWdF1NxRTZZUQ,4ezS5cbw1d1lhWgxN5E7VC,47bVt95bvBMpmJFWoyhH0C,6YTUv8JW9K3pNeqVd5wGXK,Te Extraño - Bachata Version
6ftcAmQPmGbk7Gkr5MJe4T,4ezS5cbw1d1lhWgxN5E7VC,7nU4hB040gTmHm45YYMvqc,0bKrYLZrKCH5qGzgwPxLcl,I Wanna Know You
3NLnwwAQbbFKcEcV8hDItk,4ezS5cbw1d1lhWgxN5E7VC,4AK6F7OLvEQ5QYCBNiQWHq,1gMxiQQSg5zeu4htBosASY,Perfect
25ilc2oXvxs2vt7uw8OBxS,4ezS5cbw1d1lhWgxN5E7VC,6A2IF7XPAGiwRZAxXTKpYP,7Bel1Ka4jSYFXlckOLJFsu,Jesus Vive - Ao Vivo
4tZV55J3LloaNo9VvXJBUv,4ezS5cbw1d1lhWgxN5E7VC,3q7HBObVc0L8jNeTe5Gofh,2rOJtGKE9yWt1o19GDIryz,Candy Shop
099tjv6oy2opbpCOA3nBwX,4ezS5cbw1d1lhWgxN5E7VC,4NEThNYJ3WyNcJWcmpjq88,0BeosbWOaMfZ5itwYQfw86,Dream Girl - Remix
2USZHGvpJAOmoh4t4YAcfn,4ezS5cbw1d1lhWgxN5E7VC,7plUpXSFcSJUZSiZAoXqr1,4XorEyilYOodayD0mbzTcq,Vidas Paralelas
0FbOPVKEHdIHHIn0YiDsgR,4ezS5cbw1d1lhWgxN5E7VC,6zQ7KnAtU38PVWG4aqTAhM,394cToWPKrTPRxDXRTpv1C,One In A Million - Remix
6XbtvPmIpyCbjuT0e8cQtp,4ezS5cbw1d1lhWgxN5E7VC,52iwsT98xCoGgiGntTiR7K,07kam1Dks7GIucbSelfvyX,Columbia
1nc5kQOFw5KbF5WoRL48OG,4ezS5cbw1d1lhWgxN5E7VC,3EeG9gmLAb3hmLtB5zhE4f,5PHLONb6yT5sU4fBPd72NC,Todo Es Tan Distinto
7x9aauaA9cu6tyfpHnqDLo,4ezS5cbw1d1lhWgxN5E7VC,6HaGTQPmzraVmaVxvz6EUc,53985D8g3JcGBoULSOYYKX,Seven (feat. Latto)
6R5fYCySNHrqo4Og6O1ppn,4ezS5cbw1d1lhWgxN5E7VC,5JZ7CnR6gTvEMKX4g70Amv,1rMI4GKDwtz8Ok0e7jbE4l,"Steal The Show - From ""Elemental"""
4U45aEWtQhrm8A5mxPaFZ7,4ezS5cbw1d1lhWgxN5E7VC,6zFYqv1mOsgBRQbae3JJ9e,1Mhn9VosyjtWn4dMPFlna6,Vienna
6VAS7m73rDopQe7BdrFMpD,4ezS5cbw1d1lhWgxN5E7VC,716NhGYqD1jl2wI1Qkgq36,2Mlyp5GSTI9XzBX7DrBuVn,"Tiago PZK: Bzrp Music Sessions, Vol. 48"
6wf7Yu7cxBSPrRlWeSeK0Q,4ezS5cbw1d1lhWgxN5E7VC,6qqNVTkY8uBg9cP3Jd7DAH,3AafSrFIbJPH6BJHiJm1Cd,"What Was I Made For? [From The Motion Picture ""Barbie""]"
6mAN61JH0dzyZpWslS11jy,4ezS5cbw1d1lhWgxN5E7VC,1mcTU81TzQhprhouKaTkpq,1Flcx9eDuv7pTGM9nJBmGL,Fantasias
1yy2DlSDtEt90d54rPDPXz,4ezS5cbw1d1lhWgxN5E7VC,59wfkuBoNyhDMQGCljbUbA,33hEDxsIVGf7R6wRdZBQOw,I'll Be Missing You (feat. Faith Evans & 112) - 2014 Remaster
0YxQ5bR8jTvOxG06vEmsq3,4ezS5cbw1d1lhWgxN5E7VC,3YXV0Ed1NtUyaR9WJF2JID,434Iw6Hpknzb3altfTyF71,Loco por Volverte a Ver
11lIZiXNEY3eacKxwEvDiK,4ezS5cbw1d1lhWgxN5E7VC,58pqy50vIEhqbk6ad978VJ,2bWGnzbEVYMsFdYCIDIA1z,Valiente
2mvYFfNtxv5BjAJWQtX2nk,4ezS5cbw1d1lhWgxN5E7VC,53KTldaJ8tHSkYU3nigfwP,0b06tYwwHqxWucHN4296YW,Simples Corazones
5RIVoVdkDLEygELLCniZFr,4ezS5cbw1d1lhWgxN5E7VC,7juKTDFlPesGeWQ1GmjmOv,5nYi5TJ16E7Qt73zxOu6sP,Watch Me (Whip / Nae Nae)
3gsMgG06G0igLNVVe1RDak,4ezS5cbw1d1lhWgxN5E7VC,77ziqFxp5gaInVrF2lj4ht,3D1NZYi3GsenO5uWDFrRI6,Casino
5VisQelF34HBjwUEE6piPj,4ezS5cbw1d1lhWgxN5E7VC,5iaO1NHFcaQigDtuJi0mhe,3AuFhybgcpMNQwDISmo9L4,Nadie Sabe
6xkryXuiZU360Lngd4sx13,4ezS5cbw1d1lhWgxN5E7VC,4iHNK0tOyZPYnBU7nGAgpQ,1ibYM4abQtSVQFQWvDSo4J,Fantasy
2VGGQdroduj4dIMGPsBzDG,4ezS5cbw1d1lhWgxN5E7VC,5c0lDrNyT2RnFhujZpPIas,31Iuukwc9AgXmHyU2UmYDi,THIS YEAR (Blessings)
7H6ev70Weq6DdpZyyTmUXk,4ezS5cbw1d1lhWgxN5E7VC,1Y8cdNmUJH7yBTd9yOvr5i,283NWqNsCA9GwVHrJk59CG,Say My Name
5JpOkusDXbxrcPj1Kd0O2Q,4ezS5cbw1d1lhWgxN5E7VC,6sq1yF0OZEWA4xoXVKW1L9,1MTvtQtk1V2gqCNxnu5cNA,Qué Voy a Hacer Con Mi Amor
4J2HLNTxiVxxs6kWgTIN43,4ezS5cbw1d1lhWgxN5E7VC,0ZHPrnImGh4re3TbSNkoZl,5m71js7NkNRQNtS1wmfH7s,Porfa no te vayas
70d8omRI2p7qesFOiy55Ro,4ezS5cbw1d1lhWgxN5E7VC,1B8ySGDAiXTCvnJNH4HSCG,3GzFhu8IwK8tNCSjCeHIjY,I Can Love You Like That
1Bhm5HNO1cq8olDbBmokyL,4ezS5cbw1d1lhWgxN5E7VC,7IlRNXHjoOCgEAWN5qYksg,3jqQFIXUakuDXdhFVvI7Ko,Copines
29U7stRjqHU6rMiS8BfaI9,4ezS5cbw1d1lhWgxN5E7VC,19eLuQmk9aCobbVDHc6eek,6mmv0gwumlFGWDGJXF4yEv,What A Wonderful World
1DoIUP9Rd1zBNkya1OiaXo,4ezS5cbw1d1lhWgxN5E7VC,7ojs0iiyyz1UM5S3kXruWe,6tJFahzM3FoUakoKqmUjjP,My All - cover
7IljDTNkQEyy77CcaRbiAj,4ezS5cbw1d1lhWgxN5E7VC,19y5MFBH7gohEdGwKM7QsP,79RyzfidCUY1XvdzwW0AYy,Endless Love (with Mariah Carey)
0Yc0ziTsyjahYqlWXVXlTU,4ezS5cbw1d1lhWgxN5E7VC,4obzFoKoKRHIphyHzJ35G3,1Q2VAJl9617SehQItOqzqI,BAILÉ CON MI EX
0PDCewmZCp0P5s00bptcdd,4ezS5cbw1d1lhWgxN5E7VC,5tTsrGPwQRWUsHR2Xf7Ke9,1eTNYVS06XwHjwMssf6Fsx,This Will Be (An Everlasting Love)
4VrWlk8IQxevMvERoX08iC,4ezS5cbw1d1lhWgxN5E7VC,5WUlDfRSoLAfcVSX1WnrxN,3xFSl9lIRaYXIYkIn3OIl9,Chandelier
7g8YaUQABMal0zWe7a2ijz,4ezS5cbw1d1lhWgxN5E7VC,0KPX4Ucy9dk82uj4GpKesn,6stPNzjz40FWTiwlOR98Lp,Pa Mí - Remix
0wwPcA6wtMf6HUMpIRdeP7,4ezS5cbw1d1lhWgxN5E7VC,3TVXtAsR1Inumwj472S9r4,40GMAhriYJRO1rsY4YdrZb,Hotline Bling
0BBOLOV5JntPL3341swIre,4ezS5cbw1d1lhWgxN5E7VC,1GaBsp1ICIp1e6udgE7fba,0OWwtYwEZFMquSeHGNv3cw,Turn Me On
77loZpT5Y5PRP1S451P9Yz,4ezS5cbw1d1lhWgxN5E7VC,2MqhkhX4npxDZ62ObR5ELO,2zE1YKY7Okj10Tjl09jjth,The Reason
03ryZnA8jjVrfrTqOXCt9R,4ezS5cbw1d1lhWgxN5E7VC,3DiDSECUqqY1AuBP8qtaIa,0HCbRJGrvEyYxMTbqJFQOG,If I Ain't Got You
3rBfD2swVRrL2yoqnTh2Fx,4ezS5cbw1d1lhWgxN5E7VC,0KPX4Ucy9dk82uj4GpKesn,7GUGpSBpdK6cJmWO3KdA7r,Matemáticas
2Gq636OOGgxCTqEuzCZhsa,4ezS5cbw1d1lhWgxN5E7VC,716NhGYqD1jl2wI1Qkgq36,1LDCTu0ZfGLtWAzV82Pop0,"Tiago PZK: Bzrp Music Sessions, Vol. 48"
6ifRkrDOVOl894U1YuuTfM,4ezS5cbw1d1lhWgxN5E7VC,2qNrJcE9LjzPdiXbrjkqFa,51WvNWrY4yu9Ek3RGBZHiy,I Want It That Way
0bfvHnWWOeU1U5XeKyVLbW,4ezS5cbw1d1lhWgxN5E7VC,3CDKmzJu6uwEGnPLLZffpD,4Sr5ckiFddtONS3KewaXyb,Can't Take My Eyes off You
31VBgfI9OkvSmtjvGu8hYw,4ezS5cbw1d1lhWgxN5E7VC,61VpPyyJn2bitby8tbafzT,4SW3Rtmun5w1ItPtSFd723,Little Bitty Pretty One
7IHmxipwQQQ9xMQ8oBXwxU,4ezS5cbw1d1lhWgxN5E7VC,6Ufuq4bC3frwhx6WcCE9dx,0q8y6uS9fz1s2KY3hzxm6s,"Relaxing Stroll Along the Beach Reloaded for Piano Solo, Pt. 4"
5fjCW0fgNO3N1eE5DSCr3h,4ezS5cbw1d1lhWgxN5E7VC,0eet2VBconGGtNYJ0CBgHu,1nDVv7hGcl25PTGYODjn32,Veneno Mortal (feat. Ken Y)
7o6oQ3TTOAdMe46Hg7ijDh,4ezS5cbw1d1lhWgxN5E7VC,2W8yFh0Ga6Yf3jiayVxwkE,4xwmuTzlaE1dfILrjtXtij,Genie in a Bottle
4HUzOrwak0j6l3Z0RVTLwO,4ezS5cbw1d1lhWgxN5E7VC,0z0w28IvsF1gsKhVAMbh9p,0xgbPkhH5Hvuqa0hBGjpj3,Todo Mi Corazon
4kWiuee1G91YS3QZJPTq4A,4ezS5cbw1d1lhWgxN5E7VC,0z0w28IvsF1gsKhVAMbh9p,0xgbPkhH5Hvuqa0hBGjpj3,No Morirá - No Matter What
79SZZGDTRpaPXVWlAsTt9C,4ezS5cbw1d1lhWgxN5E7VC,1OpiuLZMtHpbYCRotq3e9E,3pOBn8X2NRv9IXYyQaQ202,In the Wind (เพลงประกอบซีรีส์ F4 Thailand : หัวใจรักสี่ดวงดาว BOYS OVER FLOWERS)
3vQnfIGxgxLzwmhvXWZfdV,4ezS5cbw1d1lhWgxN5E7VC,6PwcexHTG0qJWQQwp05Bpm,4Zz8rzZC2nNAB7oIsY2wVh,Magic
0Hf4aIJpsN4Os2f0y0VqWl,4ezS5cbw1d1lhWgxN5E7VC,0TnOYISbd1XYRBk9myaseg,2F7tejLHzTqFq2XLol9ZGy,Feel This Moment (feat. Christina Aguilera)
0G8Zc1rSgdB6RaFFDCUPMu,4ezS5cbw1d1lhWgxN5E7VC,08xFgTEmizKwzfDSbxvODp,6xOXb0I1NGCbdGdvrP9B5Q,Sin Tí
5RG533H96YnaDKsp0aj2IL,4ezS5cbw1d1lhWgxN5E7VC,66ihevNkSYNzRAl44dx6jJ,0GjbNjkZ7Bp8rvzU6y8L4w,Alguien Mejor
7B3UAPLYAbwXVgbHSKEaTw,4ezS5cbw1d1lhWgxN5E7VC,4S9EykWXhStSc15wEx8QFK,7C6LFxLn63uasNoDIQ5khO,"Beauty and the Beast - from the Soundtrack ""Beauty and the Beast"""
5RAIMjdrCEjpjaR5tBATXU,4ezS5cbw1d1lhWgxN5E7VC,1r4hJ1h58CWwUQe3MxPuau,7F8Usvm4Vj3XlRztSBRfEH,Aloha
1ESyXyXxZmII2sXhMVpk9D,4ezS5cbw1d1lhWgxN5E7VC,4V8Sr092TqfHkfAA5fXXqG,2mqDkPwBQZe7dMydgXEbtT,Bésame
3KJ1QkwWObfuq54pgwTRyW,4ezS5cbw1d1lhWgxN5E7VC,2urF8dgLVfDjunO0pcHUEe,1x676W6ARASsW9BR4txWeK,Magia
72L92P0BtYFxS7MXti5CiJ,4ezS5cbw1d1lhWgxN5E7VC,5Pwc4xIPtQLFEnJriah9YJ,3sGYkRCNIeiNnBtkHHQQw9,I Lived
1y4fiS3YGivkzD9JPySuEA,4ezS5cbw1d1lhWgxN5E7VC,3YLlfcDiFzKJXhTK4sKuCz,4yOjVLHlGIW6UD195bsUqN,Apenas Son Las 12
2Cc8r3E3EaPnqN847ph6W8,4ezS5cbw1d1lhWgxN5E7VC,3PAwspMN27PDm81WwXDsMf,1ZpO3m9YmWbbQRdBtfDPt3,Tu Cuerpo Me Llama
5u7twkeask1VIyDeNTElSU,4ezS5cbw1d1lhWgxN5E7VC,77ziqFxp5gaInVrF2lj4ht,3tRrovXWGrSfBU3MYHqsVJ,Sal y Perrea
1Bt6TZfF8FSqdiHPN0vy4u,4ezS5cbw1d1lhWgxN5E7VC,5EvFsr3kj42KNv97ZEnqij,4jNUqLLTYdMHhH8Z8tt93S,It Wasn't Me
4HYDUMY0xSpeBr0AMY9cUz,4ezS5cbw1d1lhWgxN5E7VC,2cPqdH7XMvwaBJEVjheH8g,5sEpXan86hEcM8eZSAoWhw,La Curiosidad
1ADjWm8QNhgNV8yCNNgQ1T,4ezS5cbw1d1lhWgxN5E7VC,66CXWjxzNUsdJxJ2JdwvnR,2Y42QS2bGi5NokHzjticau,Santa Tell Me
4cccqGxzMZXzBrdNUKjnIl,4ezS5cbw1d1lhWgxN5E7VC,5dbaLmK5SHLLg8Z4CcTJpX,67Pk3PkpV1j7xYf4dw001k,Minifalda
7k4t7uLgtOxPwTpFmtJNTY,4ezS5cbw1d1lhWgxN5E7VC,790FomKkXshlbRYZFtlgla,7mKevNHhVnZER3BLgI8O4F,Tusa
3bX4SZDjLBnjgLvqo4gTFg,4ezS5cbw1d1lhWgxN5E7VC,46P1tvf6evAk5wk2Rg3jOq,49YvT1vP204FC1YIOypxhd,Over the Rainbow
6aLJnupvPpT9HLv3xaUhe1,4ezS5cbw1d1lhWgxN5E7VC,4QVBYiagIaa6ZGSPMbybpy,2kcYEeVFU9YVN17OT7cEUy,Calma
1FreAz1lmnDi5aKLB6GdFM,4ezS5cbw1d1lhWgxN5E7VC,1yxSLGMDHlW21z4YXirZDS,4jOESXHbPsfy1IYdyvwjYI,Where Is The Love?
4QPF1ySQOUMMpvMqnYvdYw,4ezS5cbw1d1lhWgxN5E7VC,3TLGNOdp1UWYMnV5XG9HkR,1J9gaoT3BiX5pUN6U01NB7,Ahora Tu
5OIBJNEPVv28vhpcATAY43,4ezS5cbw1d1lhWgxN5E7VC,2hbuG9pb8sCz5sxwhVoZLg,4qG8cnhT3BclVoMj1gors5,Nene maldicion (La respuesta)
784nbDVm5AcpToGS6k3c7c,4ezS5cbw1d1lhWgxN5E7VC,4SLEmV2rAQ71Ts0qyDGhE8,4lY8xTRyCH8NYC5mZkvebc,Agnus Dei (Banda Sonora Original de la Serie Vis a Vis) - Urban Version
0v6yoT9z629w8Ka0V45t4a,4ezS5cbw1d1lhWgxN5E7VC,7uiijBxWyb9AfMc31vrYZE,2GfjhKutdfNxdTqvv6SpBI,見招拆招
6RfFIHjpdcEdWWAVmCKtIe,4ezS5cbw1d1lhWgxN5E7VC,1XkoF8ryArs86LZvFOkbyr,4jovLVRCu6H0Ce6NHR4eTZ,(You Make Me Feel Like A) Natural Woman
3nrxsQEntBXdY5JoqA39ES,4ezS5cbw1d1lhWgxN5E7VC,03fLoIOO015incUitpfkad,1mylw2QJddrZNsDEcGwWVp,Hard For Me
31aNXKCgoCtKr9h2h7zh1m,4ezS5cbw1d1lhWgxN5E7VC,1MIVXf74SZHmTIp4V4paH4,7G9QcvG6U223NqJzVIMNrZ,Don't Call Me Up
4w1lzcaoZ1IC2K5TwjalRP,4ezS5cbw1d1lhWgxN5E7VC,5ILrArfIV0tMURcHJN8Q07,5e7T2qUigzt0oIr50KsOld,A Thousand Miles
1TfqLAPs4K3s2rJMoCokcS,4ezS5cbw1d1lhWgxN5E7VC,0NKDgy9j66h3DLnN8qu1bB,5jNDWA19BJbE24x1UUJGRY,Sweet Dreams (Are Made of This) - Remastered
4jBpZsZ9qx3cZhoEfuKElF,4ezS5cbw1d1lhWgxN5E7VC,00XhexlJEXQstHimpZN910,1wFqv2q07zfETMmB1NMDyC,La Mentira - Remix
1xQ6trAsedVPCdbtDAmk0c,4ezS5cbw1d1lhWgxN5E7VC,56mfhUDKa1vec6rSLZV5Eg,1XMw3pBrYeXzNXZXc84DNw,Savage Love (Laxed - Siren Beat)
3U4isOIWM3VvDubwSI3y7a,4ezS5cbw1d1lhWgxN5E7VC,5y2Xq6xcjJb2jVM54GHK3t,4OTAx9un4e6NfoHuVRiOrC,All of Me
5gH9CSkFW45IjfocI8MPsb,4ezS5cbw1d1lhWgxN5E7VC,2LRoIwlKmHjgvigdNGBHNo,7qFvB7ZvDIud6x16xMv3Ur,Perfecta
3vvvVeh0CDDJObHWhwISE6,4ezS5cbw1d1lhWgxN5E7VC,7vPGzgDg3qGUY5bWtrO3K4,25bFn6bdjPDkJh07C6atSX,Banana (feat. Shaggy) - DJ FLe - Minisiren Remix
364dI1bYnvamSnBJ8JcNzN,4ezS5cbw1d1lhWgxN5E7VC,1uNFoZAHBGtllmzznpCI3s,55zg331p7m1EFA4uRggkwt,Intentions
2MHSX5b2U5DEeebmpuX8Ha,4ezS5cbw1d1lhWgxN5E7VC,2mU9RFNN2NhzpR7vXK5DDt,35JGEbfeF9dGi5naxbBmNw,Ты мой кайф
5jrdCoLpJSvHHorevXBATy,4ezS5cbw1d1lhWgxN5E7VC,6jJ0s89eD6GaHleKKya26X,5MQBzs5YlZlE28mD9yUItn,Dark Horse
2zy21v7RbGC8KpSrZCze5t,4ezS5cbw1d1lhWgxN5E7VC,6vZKj9U4vIetFGznCpxVN5,1fKpgpS3ZowdTmgpIopSwj,Baila
4xI3U4sDj1TPmO9Iz5TkYp,4ezS5cbw1d1lhWgxN5E7VC,2oQX8QiMXOyuqbcZEFsZfm,2w8ok8XKZXEgyRozx2MNNQ,4K
4Pzk85DqWoLqptyA5IlhLk,4ezS5cbw1d1lhWgxN5E7VC,1UjxAZqzphB1tsMb1aWBj0,2owNg3nikzMzLuQy9n0Jqz,Pegao / Me Miro y La Mire - TikTok Hit
5YLHLxoZsodDWjqSgjhBf3,4ezS5cbw1d1lhWgxN5E7VC,4GvEc3ANtPPjt1ZJllr5Zl,5EEkfRgfYHiFu0lGur6Z6M,Myself
059bcIhyc2SBwm6sw2AZzd,4ezS5cbw1d1lhWgxN5E7VC,4bw2Am3p9ji3mYsXNXtQcd,02XOoh8XrlCc466QkkjGk5,Te Vi
6K5BsR04ijf3FHNzjbaagD,4ezS5cbw1d1lhWgxN5E7VC,7iK8PXO48WeuP03g8YR51W,75Y4sJ1vwZfEivbsKPzAx6,Si Se Da - Remix
4NGlDkTO27uxg8del4oTAr,4ezS5cbw1d1lhWgxN5E7VC,1pQWsZQehhS4wavwh7Fnxd,1IREmSsAW11sdfG8gDUygU,No Quiere Amor (feat. Farruko)
4VginDwYTP2eaHJzO0QMjG,4ezS5cbw1d1lhWgxN5E7VC,246dkjvS1zLTtiykXe5h60,75n7rjlC1fxezRtoMQmtL5,Circles
7fODjB7BrQTGqh0hogW6XD,4ezS5cbw1d1lhWgxN5E7VC,77ziqFxp5gaInVrF2lj4ht,3TgOrQ3p23Af8zSsxK8fdX,Que Mas Pues - Remix
14MgTooapmJdLlEMAr2zAM,4ezS5cbw1d1lhWgxN5E7VC,2gBjLmx6zQnFGQJCAQpRgw,3nrQeLjGJNdYsjJ8JVPKAf,Dilemma (feat. Kelly Rowland)
0O45fw2L5vsWpdsOdXwNAR,4ezS5cbw1d1lhWgxN5E7VC,31TPClRtHm23RisEBtV3X7,2scB1uhcCI1TSf6b9TCZK3,SexyBack (feat. Timbaland)
3AZg5nZgMquXJ67KgpngKX,4ezS5cbw1d1lhWgxN5E7VC,7IlRNXHjoOCgEAWN5qYksg,1sasCMcd2lo4F098mXKloq,Copines
6RtPijgfPKROxEzTHNRiDp,4ezS5cbw1d1lhWgxN5E7VC,0DxeaLnv6SyYk2DOqkLO8c,0RZ4Ct4vegYBmL9g88TBNi,Rude
6naxalmIoLFWR0siv8dnQQ,4ezS5cbw1d1lhWgxN5E7VC,26dSoYclwsYLMAKD3tpOr4,5PmgtkodFl2Om3hMXONDll,Oops!...I Did It Again
5RCcvZz5i0rckjbCTSPL1s,7fWAhDae6lQX1O3FtrMBHJ,16Juw2gfa9IxEL3Vu69cH7,7tZ6A3h843NyVgqtOD4e8Q,Aparentemente
2WHctubxf8LzrGr62cLz3d,7fWAhDae6lQX1O3FtrMBHJ,3jFjgKOGfVLWfXX8q5wrsg,7CpmPDrPfeDnR4ykfM7OYE,Igual Que Ayer
0qp29frhNoklK9WvxERqlS,7fWAhDae6lQX1O3FtrMBHJ,1a2HwAlOE2wUPmNisvZxSw,5sgyVBKaXXoVCJa4c14IYu,Tocarte Toa (feat. Natya)
0PSN9gw4qdAqqDTaR3COV5,7fWAhDae6lQX1O3FtrMBHJ,1ykothWH0xl8drRyJWuw7I,6ZnZF1KBsgeM71aB0dLWpG,Pasarela
5Mz30xAlgBsPHWmOAPm0yJ,7fWAhDae6lQX1O3FtrMBHJ,33ScadVnbm2X8kkUqOkC6Z,2YYpLxMxc18C1ePTt3TmVK,Dutty Love
47WfjOCcKpDH9N2BQljlNU,7fWAhDae6lQX1O3FtrMBHJ,0fbZUQ5vFLok76WdZ33lhX,5L2bjGcGMNa3R3ktuwg3Qw,Quiero una Chica
72YHgP5Zueyh9ilIjkaEaB,7fWAhDae6lQX1O3FtrMBHJ,33ScadVnbm2X8kkUqOkC6Z,4kcgkJgiTg9eUIhX2ZRuJo,Dile
3zb856RMKFjdvWre0TKcmA,7fWAhDae6lQX1O3FtrMBHJ,7wU2WGCJ8HxkekHHE2QLul,0MkGuzsKsFxKDEooicDO4X,Una Vaina Loca
1IlJpEiMt4nuLr3cWFQUxa,7fWAhDae6lQX1O3FtrMBHJ,5Q1vijNjTVhQBoVrZVXms8,0yno13qSZ1kSJnWpAC5XBy,La Botella
2a1o6ZejUi8U3wzzOtCOYw,7fWAhDae6lQX1O3FtrMBHJ,33ScadVnbm2X8kkUqOkC6Z,6mGDfbDErYIJsmSewvccWm,Danza Kuduro
4KIcIPFyE4ABKyfYIMI2dq,7fWAhDae6lQX1O3FtrMBHJ,0d2ilHJsRru3Y3EMqOQmO7,5VssI7ZIPNVtiGmDLucJSu,Te Amo Con Locura
3QwBODjSEzelZyVjxPOHdq,7fWAhDae6lQX1O3FtrMBHJ,21451j1KhjAiaYKflxBjr1,22lEQJ7khtB2yvsq84FDQb,Otra vez (feat. J Balvin)
7nJW1h0ytWQyDMIK1IuvkU,7fWAhDae6lQX1O3FtrMBHJ,3mqvfyOtukTRmUkZHuP1ed,6WH1JlQzTsn22NDaJveq58,Carita Bonita
5clFSlfkCRlhnH1cAQjSBi,7fWAhDae6lQX1O3FtrMBHJ,3EiLUeyEcA6fbRPSHkG5kb,369oPiSP9Y3CzTR6uWU4Da,Sensacion Del Bloque
7khLgMuA7m4SA6aaDv1QSv,7fWAhDae6lQX1O3FtrMBHJ,60TYV12IFUaDfnUA0S67zb,7eXV1e30GKjzEOFSttyn0D,Tempted To Touch
2GZHz1Nq3Y6FUJfsgyQJMB,7fWAhDae6lQX1O3FtrMBHJ,3jFjgKOGfVLWfXX8q5wrsg,7j07WDJHBIEwhu7mkbT9bI,Te Amare
6ZSDlUMlHhPQLE3AshNJU2,7fWAhDae6lQX1O3FtrMBHJ,5NS0854TqZQVoRmJKSWtFZ,1W7PIGcDApZJD99RPpbKFX,Niña Bonita
327Ifhc1mzctb4ebEgvS2Q,7fWAhDae6lQX1O3FtrMBHJ,6BMQo3hxi4qwLiZpHKK5iL,4ZYghVJN063qisS0pUvmmU,Fuiste Mala
5kGGEaHEzrtqC4UJr8LiVR,7fWAhDae6lQX1O3FtrMBHJ,68KZ4vm3B5yAZutdy2RvIE,6EAn7VG0UE83hUkzrUMBME,Nadie Sabe
2QusbdWusfoba51QJEDOG3,7fWAhDae6lQX1O3FtrMBHJ,2LRoIwlKmHjgvigdNGBHNo,2VBtw99GdnUHerNg042dl1,Zun Da Da - Acústico
2PyuytS9WHUXcqzR1lJYV0,7fWAhDae6lQX1O3FtrMBHJ,7tU1VKOuxiNZwBZC6RHidA,4qXNRlaRSR6ps3oyeEcvVk,Donde Estés Llegaré
6YYmoV9YbBefsspGmqFHbs,7fWAhDae6lQX1O3FtrMBHJ,7wU2WGCJ8HxkekHHE2QLul,7biGrCxUFSXo530GF0E9RP,Una Vaina Loca
4f49sFQko7jHLEFd3tCf5p,7fWAhDae6lQX1O3FtrMBHJ,33ScadVnbm2X8kkUqOkC6Z,5LbfmeWh5cvLpR1Nfvdch5,Ojitos Chiquitos
4AiFptVAo3ZJU474Vckk7I,7fWAhDae6lQX1O3FtrMBHJ,3jFjgKOGfVLWfXX8q5wrsg,71AkelEsyi48fUs036TmZq,Te Regalo Amores
3yUkNbOfbDUI7rlC3hQAlf,7fWAhDae6lQX1O3FtrMBHJ,4gaipGwvI72oJZVL2P0WJd,3H0F5wQuLceriRZHEdCmf7,Te Quiero
4fFgpzgSkmn3wajioLBPOr,7fWAhDae6lQX1O3FtrMBHJ,5bVQN1TENxjVjWXNHHpflG,5o36XrjVl3YdBYqt0p57Gc,Mis Ojos Lloran Por Ti
2HhBnzEaOkDakDcrK5oJDX,7fWAhDae6lQX1O3FtrMBHJ,5NS0854TqZQVoRmJKSWtFZ,5WdtDMLZ889QUGhstd0r96,Se Apago La Llama
56TE6fxZAcfQGcMVmezo7B,7fWAhDae6lQX1O3FtrMBHJ,3LKXWvXFWrkwUzJWxzwVpW,3gvDroaxVajs2EDUABP3C7,El Doctorado
0mHrQV5Tu8cjioNpNGG7N1,7fWAhDae6lQX1O3FtrMBHJ,1wZtkThiXbVNtj6hee6dz9,3TheioK614VC2aRMhfKS6h,Rakata
614NVFo5csQqRnryl4jXs2,7fWAhDae6lQX1O3FtrMBHJ,2TjgzYcbTdsZjbT9OItIeB,5eklEkHSU1l3yewxdePzRL,El Telefono
07hNUXX5QqXgOAbcst7CPP,7fWAhDae6lQX1O3FtrMBHJ,2DP9xStkVVv753RBiEHXQB,4MKfVmMrhQzmlolHL7VIlk,Solitaria
711ba03szQaASPznwdZkuw,3vGMftOjUuIZyX07i3oFse,7GaxyUddsPok8BuhxN6OUW,6Wzf9BalBqQAenrUb9xzUH,I Got You - 1964 Smash Version
6YUTL4dYpB9xZO5qExPf05,3vGMftOjUuIZyX07i3oFse,7CajNmpbOovFoOoasH2HaY,48zisMeiXniWLzOQghbPqS,Summer
3ZZq9396zv8pcn5GYVhxUi,3vGMftOjUuIZyX07i3oFse,0f3EsoviYnRKTkmayI3cux,4HDJMKkwAMVFewqfZcmf84,Down Under
0lizgQ7Qw35od7CYaoMBZb,3vGMftOjUuIZyX07i3oFse,66CXWjxzNUsdJxJ2JdwvnR,27MNgBEnLCKoafz1g2Zu97,Santa Tell Me
7xapw9Oy21WpfEcib2ErSA,3vGMftOjUuIZyX07i3oFse,1uNFoZAHBGtllmzznpCI3s,63MKT9hwmiMFFdFp5SdB1p,Mistletoe
2Q2kTc93I0ydIpcjJq2Qc7,3vGMftOjUuIZyX07i3oFse,2jnIB6XdLvnJUeNTy5A0J2,5cO7pZep4FTNveuq6VMA5V,Merry Little Christmas
6WtbjCyxUBXK2Rn7kaDEYE,3vGMftOjUuIZyX07i3oFse,6z9C2JDftl2mEbjEQY9q3j,2u1zZMz7nMwzjUuRTCMHYm,Dilemma
7FaSIlhdAVhM5GpoBut23A,3vGMftOjUuIZyX07i3oFse,6z9C2JDftl2mEbjEQY9q3j,0Nn5CSgGYjreK46M1g6hYw,I Have Nothing
3fgK3ytg7xwR2CMwptSLvl,3vGMftOjUuIZyX07i3oFse,2HvhIyjUlNSNdiAiUbbu8h,4a1qxuakAJoklkJdG7lSQN,Entra en Mi Vida - Sax Instrumental Version
2wGFJd60vNiiCuC4BRTBwt,3vGMftOjUuIZyX07i3oFse,2HvhIyjUlNSNdiAiUbbu8h,4a1qxuakAJoklkJdG7lSQN,Beauty and the Beast - Sax Instrumental Version
15VR9xiGov8rYsV6HE84rK,3vGMftOjUuIZyX07i3oFse,2HvhIyjUlNSNdiAiUbbu8h,4a1qxuakAJoklkJdG7lSQN,Can You Feel the Love Tonight - Sax Instrumental Version
13cpOnmccZGVGFngLxYN4I,3vGMftOjUuIZyX07i3oFse,6I3M904Y9IwgDjrQ9pANiB,4ZIOCYviEphLj1EpwXXvHy,Forever in Love
0Wt0LiQPwDLEu6d1iH4b1k,3vGMftOjUuIZyX07i3oFse,6I3M904Y9IwgDjrQ9pANiB,1rmAJAh6Q0AeJHetJPaMvM,You're Beautiful
0ZPANFSscxPueu9sCs5euE,3vGMftOjUuIZyX07i3oFse,6I3M904Y9IwgDjrQ9pANiB,0ymca6tLUBwtLUqH8fslrt,"My Heart Will Go On (Love Theme from ""Titanic"")"
1DoIUP9Rd1zBNkya1OiaXo,3vGMftOjUuIZyX07i3oFse,7ojs0iiyyz1UM5S3kXruWe,6tJFahzM3FoUakoKqmUjjP,My All - cover
04Xdk7F9HgyHBcAwO7KE3F,3vGMftOjUuIZyX07i3oFse,5BwOOeKayeMZXa5SSaiRxv,3MfTllqbkiNWZuaxoenGhC,Sera Porque Te Amo
3mRM4NM8iO7UBqrSigCQFH,3vGMftOjUuIZyX07i3oFse,1LZEQNv7sE11VDY3SdxQeN,5YHZaCxCuuK81h4Fimb9rT,"Stayin' Alive - From ""Saturday Night Fever"" Soundtrack"
2LawezPeJhN4AWuSB0GtAU,3vGMftOjUuIZyX07i3oFse,3IYUhFvPQItj6xySrBmZkd,372cMadhAGlNuDnc8TssqF,Have You Ever Seen The Rain
2tUBqZG2AbRi7Q0BIrVrEj,3vGMftOjUuIZyX07i3oFse,6XpaIBNiVzIetEPCWDvAFP,5Vdzprr5cOqXQo44eHeV7t,I Wanna Dance with Somebody (Who Loves Me)
5dUMh0ugelpKfoFp3qChuK,3vGMftOjUuIZyX07i3oFse,1eYhYunlNJlDoQhtYBvPsi,7gvxyetkX6vkoMyDkDM6ls,Hit the Road Jack
3SdTKo2uVsxFblQjpScoHy,3vGMftOjUuIZyX07i3oFse,3plJVWt88EqjvtuB4ZDRV3,18Fj7coTfyMi7mEPXIweN7,Stand By Me
3X7uFMzJrEE0sxn62qd8Ch,3vGMftOjUuIZyX07i3oFse,0kObWap02DEg9EAJ3PBxzf,3nCQjsOzTmnWM6gnjIaT8J,Nothing's Gonna Stop Us Now
01MXkFA8sL7at6txavDErt,3vGMftOjUuIZyX07i3oFse,4xXCRXOfQKQ2gjWxNhNzYW,1Z0JbC9RPMJNxE82vTQcIX,Making Love Out of Nothing at All
58AYTwZlsc1F2kl3T1csKg,3vGMftOjUuIZyX07i3oFse,14QhjrRzIArzBmMcwCGQTx,6t4ODjjas555Xgxs8mGslV,Close to You
4YjjNHtEsTX6Af4mCTupT5,3vGMftOjUuIZyX07i3oFse,0a1gHP0HAqALbEyxaD5Ngn,5NH87jdrVjOHt8gDMHT1Wy,Bless The Broken Road
28fBpPWGk5qWP8NCDonpLH,3vGMftOjUuIZyX07i3oFse,252rReS6Vt8eAzlmLaG7zs,6ZTiElZ8c1t48DbWoJDySX,Let Her Go
0mBL2JwjNYKtdFacHxvtJt,3vGMftOjUuIZyX07i3oFse,2iEvnFsWxR0Syqu2JNopAd,4fFn4t0JoZrNB3VY4HZ970,"I'm A Believer - From ""Shrek"" Motion Picture Soundtrack"
3Qg6tgOrXbdbX9AFW0r4LX,5VrVwSbzT53r8i2f1QKDC9,4GAS1OgXh8D5pEA6s6eBNW,6QJcAy8L1pw7lwY4TAyHOf,Bésame
7BwJtE8KSbCQKOCTIAY3jX,5VrVwSbzT53r8i2f1QKDC9,3smfreCkyJt7bShaTYpG77,6n2mF7q1bKPlicecPQbYwS,Ando buscando (feat. Piso 21)
75EveQXAVJzwuEO9gjfyGZ,5VrVwSbzT53r8i2f1QKDC9,7qG3b048QCHVRO5Pv1T5lw,0D9UgUqXsk2d36GTMjlDHx,Bailando - Spanish Version
2EzRdhuoPyNJDlep7lnNf2,5VrVwSbzT53r8i2f1QKDC9,5H1nN1SzW0qNeUEZvuXjAj,5kpilAKnaFNV2DX5ewD7x7,Dembow
5hcisvFMidkMJlElTO9Qmw,5VrVwSbzT53r8i2f1QKDC9,4q3ewBCX7sLwd24euuV69X,287ZdmXv5M5YH5xxdGLhbY,Sensualidad
33bnxcjePIkcmNjEFTJX0l,5VrVwSbzT53r8i2f1QKDC9,4bw2Am3p9ji3mYsXNXtQcd,70WadO9CAH4rOI1rEbTS0a,Déjala Que Vuelva (feat. Manuel Turizo)
7qmZCFG2HvNj89v18tEgy3,5VrVwSbzT53r8i2f1QKDC9,1phfTBIocBW3UwqcYjaEN6,529Qrc0mVggc4qJdJmcck0,Dicen
0VKkyBKCXyR99navhVRqcP,5VrVwSbzT53r8i2f1QKDC9,21451j1KhjAiaYKflxBjr1,57BGq6lpz8RK1cqr2fPVIi,La player (Bandolera)
6rQSrBHf7HlZjtcMZ4S4bO,5VrVwSbzT53r8i2f1QKDC9,1vyhD5VmyZ7KMfW5gqLgo5,2LYwooMTH1iJeBvWyXXWUf,Safari
7pk3EpFtmsOdj8iUhjmeCM,5VrVwSbzT53r8i2f1QKDC9,21451j1KhjAiaYKflxBjr1,5GjKG3Y8OvSVJO55dQTFyD,Otra vez (feat. J Balvin)
7vFmnmcsp41uzBUiw1zxfw,5VrVwSbzT53r8i2f1QKDC9,1phfTBIocBW3UwqcYjaEN6,2vUKWzepMS50ExaSDACiSi,Esta Noche
116H0KvKr2Zl4RPuVBruDO,5VrVwSbzT53r8i2f1QKDC9,4q3ewBCX7sLwd24euuV69X,0p0W4RXcnc59jgatcdZozO,MIA (feat. Drake)
04cd1MHVq1D8v1nuTZoCdv,5VrVwSbzT53r8i2f1QKDC9,4bw2Am3p9ji3mYsXNXtQcd,0sGGdQF7f03jwgaD9qhtUQ,Puntos Suspensivos
5qFeMRz4TvetPmzjre9Dq7,5VrVwSbzT53r8i2f1QKDC9,1vyhD5VmyZ7KMfW5gqLgo5,5kprdYds6oZb4iSldfflOT,No Es Justo
6jA8JUuPCGYjFcgw0AoM5T,5VrVwSbzT53r8i2f1QKDC9,0vR2qb8m9WHeZ5ByCbimq2,1QsrAiIvA7njuEMwP9poqt,Me Niego (feat. Ozuna & Wisin)
71GAvRsilpo9pqd0vYn8Mo,5VrVwSbzT53r8i2f1QKDC9,0eecdvMrqBftK0M1VKhaF4,0YCyFUN3ihGbP2x9C09NF6,Mamita
2QbZRXN46vjQAJ8JdvemOx,5VrVwSbzT53r8i2f1QKDC9,07YUOmWljBTXwIseAUd9TW,52DMOEF5IeZITeStzvV2OP,No Me Llames (feat. Alkilados)
48zFZh27QU5qsrBjn4C2FA,5VrVwSbzT53r8i2f1QKDC9,1i8SpTcr7yvPOmcqrbnVXY,0SukGZiXMtmsZoxstkBtNR,Vaina Loca
4l3xGFwoTinvYxsePytOOf,5VrVwSbzT53r8i2f1QKDC9,2ayNSoKPCRAfjp6hQ76hRu,3C2Y8YZGNyGqXZLPHPUMj3,Báilame - Remix
6rPO02ozF3bM7NnOV4h6s2,5VrVwSbzT53r8i2f1QKDC9,4V8Sr092TqfHkfAA5fXXqG,3Gq2Dme9nesdgoqNNlcN8O,Despacito - Remix
4178A5NkEjcsGc64jpBO6d,5VrVwSbzT53r8i2f1QKDC9,4V8Sr092TqfHkfAA5fXXqG,5vroSoweHs5AK7bFe7bBqi,Calypso
1j6xOGusnyXq3l6IryKF3G,5VrVwSbzT53r8i2f1QKDC9,4bw2Am3p9ji3mYsXNXtQcd,0sGGdQF7f03jwgaD9qhtUQ,Déjala Que Vuelva (feat. Manuel Turizo)
43jclIPKJv9iFiYWVyWqsb,5VrVwSbzT53r8i2f1QKDC9,4bw2Am3p9ji3mYsXNXtQcd,0sGGdQF7f03jwgaD9qhtUQ,Besándote
6tkMQQ5bJ6g0YF6d18iavC,5VrVwSbzT53r8i2f1QKDC9,4bw2Am3p9ji3mYsXNXtQcd,0sGGdQF7f03jwgaD9qhtUQ,Me Llamas
2cYnZNzFRFK0H7vSNxPsUq,5VrVwSbzT53r8i2f1QKDC9,2R21vXR83lH98kGeO99Y66,6lNu03TCXIXoalIH2r65Xm,Ella Quiere Beber - Remix
3UiXtMEq7ymoNzwsukyebR,5VrVwSbzT53r8i2f1QKDC9,6lca9phTiMCNjObnwuCFi1,59WWQMx805eXBb9VHmzOFK,Indecisa
79Jhw5xn4gGn6PZak275gg,5VrVwSbzT53r8i2f1QKDC9,07YUOmWljBTXwIseAUd9TW,7aTqiX68z42xqpEsiWBz4O,Traicionera
0pQoNBSZeRFuhLVH8gCVDT,5VrVwSbzT53r8i2f1QKDC9,07YUOmWljBTXwIseAUd9TW,1l1zcI8iwJg4WCb7jxHtbN,Alguien Robo
1GK6lCn3l3kYPi5It6cTJG,5VrVwSbzT53r8i2f1QKDC9,4bw2Am3p9ji3mYsXNXtQcd,07lHPm9XDnlXWKfGCDZhtp,Correr el Riesgo
19nW2OGltMU6cVpJ5aImAb,5VrVwSbzT53r8i2f1QKDC9,4bw2Am3p9ji3mYsXNXtQcd,07lHPm9XDnlXWKfGCDZhtp,Déjame
1cwIglC3V5HLILOsEPhJeK,5VrVwSbzT53r8i2f1QKDC9,4bw2Am3p9ji3mYsXNXtQcd,0sGGdQF7f03jwgaD9qhtUQ,Cada Noche
4VTTpwcAxVSQNzEZLi75d0,5VrVwSbzT53r8i2f1QKDC9,2ayNSoKPCRAfjp6hQ76hRu,3YSK4FRq9vmpR58F1I79d4,Déjalo
0s5DNDV6LAKn2u2Ufa3VjQ,5VrVwSbzT53r8i2f1QKDC9,2wkoKEfS6dXwThbyTnZWFU,0vfE72mb2weKSONtBC6SPJ,Desconocidos
2XXMDz7SPZ4mSFN1PXfHUy,5VrVwSbzT53r8i2f1QKDC9,4obzFoKoKRHIphyHzJ35G3,1rNj1DvnXIH5irucrzT4zo,Cuando Te Besé
3mN2DtljBhnrIpc3Nu2pJ8,5VrVwSbzT53r8i2f1QKDC9,1GAymyGBvB4gQy5Z5LZ1Wj,1BqgA0LjVFVKEbiCyqIjah,Déjate Querer
32lexhcz93AinKK0qLTZaZ,5VrVwSbzT53r8i2f1QKDC9,6SGvRyZuaSuWmP6IWUKpGf,4x1ekBFExz90qUx1dKQByU,Ni Gucci Ni Prada
059bcIhyc2SBwm6sw2AZzd,5VrVwSbzT53r8i2f1QKDC9,4bw2Am3p9ji3mYsXNXtQcd,02XOoh8XrlCc466QkkjGk5,Te Vi
2ktoFujjJtantyMoVdBJlX,5VrVwSbzT53r8i2f1QKDC9,6tkyhGe9hGI3Lcfo4gVh6Z,3ekwMnFlP79fwylU0W98m0,Pa Olvidarte (feat. Manuel Turizo) - Remix
1GbEE9qAmGaZ1uO78xPiMC,5VrVwSbzT53r8i2f1QKDC9,6SGvRyZuaSuWmP6IWUKpGf,53xnZk4sjfb2X6Xsjt0jPm,No Todavía
7g5DQLPkOYdch16quoI7iz,5VrVwSbzT53r8i2f1QKDC9,3eAw8vSPkVqu0VfSZxv79h,2aq2WajlbQ1AUMuqXTi49h,Perfecta
224EVTFiLsdQignUFLvDeH,5VrVwSbzT53r8i2f1QKDC9,0KPX4Ucy9dk82uj4GpKesn,4OyP4eAtpTHXjpVBjJvPNG,Pa Mí - Remix
7BuSE9uTIw931wtZYzvZcQ,5VrVwSbzT53r8i2f1QKDC9,07YUOmWljBTXwIseAUd9TW,0PijZTpKNGUvL12y7w4tZF,Runaway
0gcOnIUKIG6JF56iFUfE0p,5VrVwSbzT53r8i2f1QKDC9,0UWZUmn7sybxMCqrw9tGa7,6lPRVKGP5WnFGI46c4LVik,Bonita
59s0s39NFWScuHDbHytI14,5VrVwSbzT53r8i2f1QKDC9,0vR2qb8m9WHeZ5ByCbimq2,4qecT0ZJrf35thz2WaEm6P,Indeciso
1usoXi4f0BnMART4uActEA,5VrVwSbzT53r8i2f1QKDC9,1GAymyGBvB4gQy5Z5LZ1Wj,5e17MvJeEUfTQJ2Ygu6acn,Mocca - Remix
1eirccn7AvthKrKtU5QwQP,5VrVwSbzT53r8i2f1QKDC9,3ATyg4fGC9F8trfb0GRWmX,24gQ3LRbfdd17hoEXfhhiL,No Te Va
74ySxdWAaNTGWSeR4d6Vmb,5VrVwSbzT53r8i2f1QKDC9,1gIUNwemvV0ieFYpL6jbEB,5ZzpVb9cYlsWNwfuMh94Q1,El Vecino
3EwnwCYCO2mnCoYj5NLhER,5VrVwSbzT53r8i2f1QKDC9,6SGvRyZuaSuWmP6IWUKpGf,1p35WYGgGG62zt2e4Mydcb,Ni Gucci Ni Prada - Remix
0Ohvv2DdYZLacRjo8uGcDH,5VrVwSbzT53r8i2f1QKDC9,3P3HEwD70uW4S1Gs5fhO9L,7alrctyptHYgsvXPuMXHOp,Mi Cumpleaños
1Ej96GIBCTvgH7tNX1r3qr,5VrVwSbzT53r8i2f1QKDC9,77ziqFxp5gaInVrF2lj4ht,3TgOrQ3p23Af8zSsxK8fdX,Otro Trago
0tJCo71s7HT9Mu5Z4juuLw,5VrVwSbzT53r8i2f1QKDC9,77ziqFxp5gaInVrF2lj4ht,3TgOrQ3p23Af8zSsxK8fdX,Solita
0cfqbF7GBQJMYg0S6GEqG4,5VrVwSbzT53r8i2f1QKDC9,7rOlQwf8OuFLFQp4aydjBt,2DoYEnu13XoeNZ6hYvUprJ,Don't Talk About Me
4ziiAuFyXiY1HNSLGM1xv8,5VrVwSbzT53r8i2f1QKDC9,4obzFoKoKRHIphyHzJ35G3,2gUAsCAmGaSwtqcCM25LCU,DOLLAR
0wt2PeQ8AeBlx6WbgoM97r,5VrVwSbzT53r8i2f1QKDC9,1G89WXRVVAEjU4VIwgg6XD,4QnRBgWvHDjy8i1buxbHxh,Andan Diciendo
1nocRtwyNPVtGcIJqfgdzZ,5VrVwSbzT53r8i2f1QKDC9,28gNT5KBp7IjEOQoevXf9N,6xu5asYeoMIT5Sa5b1P13q,Tutu
3rlzrcfNvBwVKmRT2PM85c,5VrVwSbzT53r8i2f1QKDC9,1G89WXRVVAEjU4VIwgg6XD,49oqDnPP3Q0zLCqq3MK281,Don Juan
2fOjendzUzepHwR9QrVyYF,5VrVwSbzT53r8i2f1QKDC9,4obzFoKoKRHIphyHzJ35G3,4lKXaL7t6jn8V4nvmZ6ggZ,La Respuesta
4XfCa8VFYeTsKbXrVlpKIa,5VrVwSbzT53r8i2f1QKDC9,0eecdvMrqBftK0M1VKhaF4,1wh1ly3rDRvPmaGofkkGA8,De Cero
690SkvEYiCltP52gPXffyG,5VrVwSbzT53r8i2f1QKDC9,6n7rxaNHjaGIkfRmzEVHKU,76Xzkr0EMfEMk4KRjDHfgO,Waze
1o0waAW9pTnG5jnkJXHQla,5VrVwSbzT53r8i2f1QKDC9,5DUlefCLzVRzNWaNURTFpK,0t4tTNBSOwetYHnTaWu4UP,Sólo Mía
6ORMS8Ep717H3vzQFahFiy,5VrVwSbzT53r8i2f1QKDC9,1VrWc8r4AjrR8YfT0vlsc7,633EQz5mNZHb0lEl2fbHuz,Cariño Mío
1c0hsvHLELX6y8qymnpLKL,5VrVwSbzT53r8i2f1QKDC9,47MpMsUfWtgyIIBEFOr4FE,2m9Vuc9Q19qhSm6RQmBgsR,Soltera (Remix)
2fKGOp8QqQXe1GfpozDwT0,5VrVwSbzT53r8i2f1QKDC9,0KBMnuWWdRmE0piCUybFxX,0CDVO0iOfoZreeLQSUUQpc,Infieles
27xFMBWh15wyYGGAVrEMuK,5VrVwSbzT53r8i2f1QKDC9,2wkoKEfS6dXwThbyTnZWFU,01yYW0rRRwlEZx1dMmc5ff,"Mi Mala (feat. Becky G, Leslie Grace & Lali) - Remix"
1ScD7XQYCKmJ3fdNh71lUE,5VrVwSbzT53r8i2f1QKDC9,0tmwSHipWxN12fsoLcFU3B,0CUMVFalkFhZM6Xo0ErxLi,Bailemos
4DhTBCvoemYivBVHkk7RKI,5VrVwSbzT53r8i2f1QKDC9,1aWJsBQa67l72j1VT3D6Ow,5AcfM2EiLTrnFxQjpo7mxp,Cafuné
5O3cRP4ZHC9vvVIHtET1f0,5VrVwSbzT53r8i2f1QKDC9,77ziqFxp5gaInVrF2lj4ht,7sxSaAYrq3kXLmTuGkIBFU,Qué Más Pues
1cVlW9WQiGlFdWUXFdFZGh,5VrVwSbzT53r8i2f1QKDC9,4bw2Am3p9ji3mYsXNXtQcd,6NSiAkMa61CjJI9AHqOhuZ,Pa' Olvidarme De Ella
7aaj0oNqJRdWIEfBj0Vim9,5VrVwSbzT53r8i2f1QKDC9,2ayNSoKPCRAfjp6hQ76hRu,7pJrh0UaDUN0CdlVxB8eN1,Mona Lisa
226e8b6ZSrDcTeia97Xjke,5VrVwSbzT53r8i2f1QKDC9,0eecdvMrqBftK0M1VKhaF4,6eAiSOwtr3OE1M2UKCuHIM,La Ley
1TxgZRcy3kZ7JaEp88MDbC,5VrVwSbzT53r8i2f1QKDC9,0eecdvMrqBftK0M1VKhaF4,0YLrAWUbY0nyM7PFtqnYld,Tan Fácil
0xkFBYWj9hErOPP9hj3IeI,5VrVwSbzT53r8i2f1QKDC9,0KBMnuWWdRmE0piCUybFxX,1R76g2eaCeTmxBjvnjqBIc,Doce
0f0EV02n2JdUFFoKU1jUPq,5VrVwSbzT53r8i2f1QKDC9,2LRoIwlKmHjgvigdNGBHNo,1wA87ErH7eEi2C0brE2rvE,911
6I1JuzUGxTAD0kDY65fg1s,5VrVwSbzT53r8i2f1QKDC9,2cy1zPcrFcXAJTP0APWewL,00AVS4xDGxD61LgiIkDaN7,Tan Buena
3aewDArEHfG0go6DKmgFGc,5VrVwSbzT53r8i2f1QKDC9,1XXUv8GRyRqOXVuDwB5QaS,2V94ben77ucTaHWxBNNyWW,Mejor Sin Ti
3bDD7GGvIzAZeHz2TOYD3A,5VrVwSbzT53r8i2f1QKDC9,4bw2Am3p9ji3mYsXNXtQcd,069LGoUMDaNgoKStPYdSi8,Mami
5iwz1NiezX7WWjnCgY5TH4,5VrVwSbzT53r8i2f1QKDC9,4QVBYiagIaa6ZGSPMbybpy,1tFnP9PwIMeMIuj92mfswZ,Calma - Remix
7KbF6AdprOXEEHlsq11Z6d,5VrVwSbzT53r8i2f1QKDC9,1r4hJ1h58CWwUQe3MxPuau,3YIUNL7qFE8NP3X3zaYSND,11 PM
26Qhn2T88XqVinXQpmSarj,5VrVwSbzT53r8i2f1QKDC9,1SupJlEpv7RS2tPNRaHViT,1CYQlkKE5Q0khU6eMwVAVt,Atrévete
2sRhe52xJklfzRIe0K6puw,5VrVwSbzT53r8i2f1QKDC9,5DUlefCLzVRzNWaNURTFpK,0iyiWtliuM7sp898Z589iz,Voy Por Ti
50c90QkLEHoUknqxwUrPls,5VrVwSbzT53r8i2f1QKDC9,1vrahybrKylgwkjhbmOz94,3ZXVsBMxyw60tjCnlMzLLH,Borracha
133W87XUq6un325yz5BTpq,5VrVwSbzT53r8i2f1QKDC9,1vrahybrKylgwkjhbmOz94,1U4RN2TurrBq2YIovQ7aph,Cosas Ricas
5swCpW8wpeE86HstoqoA4L,5VrVwSbzT53r8i2f1QKDC9,2t7vyRN71qtQT18frElAnV,7n5XgP78D6iMFwQpt7uKmF,Con To'
3UZ8b8lAZiaqqH6ggZqxCR,5VrVwSbzT53r8i2f1QKDC9,4bw2Am3p9ji3mYsXNXtQcd,7B8BZGUymsz0SQWY73oMYM,Dulcecitos (feat. Zion & Lennox)
7DOh0tBGnyMt6C5OO7o8Yq,5VrVwSbzT53r8i2f1QKDC9,6w3SkAHYPsQ1bxV7VDlG5y,5zbO01D6uIqC2ejQSQEN2O,Nada
0m1zfGk4oYfj4NxBLNheHZ,5VrVwSbzT53r8i2f1QKDC9,6w3SkAHYPsQ1bxV7VDlG5y,5zbO01D6uIqC2ejQSQEN2O,Visto a las 00:00
4pYmyZqoVRcVoQ5QfyyO7S,5VrVwSbzT53r8i2f1QKDC9,77ziqFxp5gaInVrF2lj4ht,2BRFtls7IRQbSPo8U2X4zA,Casino
4s45VgkknMFkdiGoUcjxQU,5VrVwSbzT53r8i2f1QKDC9,07YUOmWljBTXwIseAUd9TW,3RG65TH0L4E9jtJoj5JpMQ,TBT
4z2c6wyTY9xgiPYUvznwUE,5VrVwSbzT53r8i2f1QKDC9,3m5qlPf2OkihLz3dRYnkPA,791xP0ZKGxYQtZo5CbUOXM,Sigo Buscandote
2SdwRMzLw1vKClRinPqtuU,5VrVwSbzT53r8i2f1QKDC9,07YUOmWljBTXwIseAUd9TW,2qEkRyzVi4R8DrhO6p9ycO,TBT - Remix
3z4y1bSwBoz21QuVqKVnEM,5VrVwSbzT53r8i2f1QKDC9,5Rj6rNR8zIlUUDCs1OyPmW,0ajHIug4wUF4TowpnpQoPc,HISTERIQUEO
45qpVdZAbONKliwh1ZD8nK,5VrVwSbzT53r8i2f1QKDC9,0dUyjgCyjfj5eMx6bX2TWf,1o0MhCJitsOdbXSifxCH07,Calle 2 - Remix
4ZRrLHqzhGRXYj2qcB4s5S,5VrVwSbzT53r8i2f1QKDC9,1mcTU81TzQhprhouKaTkpq,3Na85E6foBKxAeoAojX427,Tattoo - Remix with Camilo
3ZvaD3etHONT0kgqznzrtb,5VrVwSbzT53r8i2f1QKDC9,30HlKUFTsqlFQsPfyv2yuM,6x4jYRqjA74tDk98c0L3h4,No Creo en el Amor (feat. Sanco & Becky G)
0NCMHQFpWVDK199pKR2Y7V,5VrVwSbzT53r8i2f1QKDC9,6tkyhGe9hGI3Lcfo4gVh6Z,1n9WPaEZsaj7QmLAnC9HWl,Pa Olvidarte
4DEldV3wQKjbMRhVw64bg6,5VrVwSbzT53r8i2f1QKDC9,2ayNSoKPCRAfjp6hQ76hRu,3yepH0ckADnbqwISL1zi0M,Raro
23WI5V2eD4EyGKxSl7Pyeq,5VrVwSbzT53r8i2f1QKDC9,5NS0854TqZQVoRmJKSWtFZ,0MaeGZFHJa76NUjYux7ygZ,Andas En Mi Cabeza
1GNSWpe2SB30zYGbNTD96b,5VrVwSbzT53r8i2f1QKDC9,5xSx2FM8mQnrfgM1QsHniB,2fDBlYHy3clr2Q3JRq89Rd,No Bailes Sola
5379uuUPHodsdVhy8pIAAr,5VrVwSbzT53r8i2f1QKDC9,5DUlefCLzVRzNWaNURTFpK,6IJ3u6R56lp0AUT0W9snon,Locura
7na7Bk98usp84FaOJFPv3d,5VrVwSbzT53r8i2f1QKDC9,1mcTU81TzQhprhouKaTkpq,2YRwWCfsk2Uf9ycGS7FRMV,Tattoo
1mfMlthHXTmgbQd2MtF1tA,5VrVwSbzT53r8i2f1QKDC9,77ziqFxp5gaInVrF2lj4ht,3D1NZYi3GsenO5uWDFrRI6,Me Olvidé
4svaGEtJdr5gdhBvdIkGaL,5VrVwSbzT53r8i2f1QKDC9,7A02nc5WKMBLqSKXxGZ4o8,2CN1yjEVnshrIJ2lKHIWMn,Más De Ti
2wDJTWKQTuMZXNRvl7dcB5,5VrVwSbzT53r8i2f1QKDC9,7A02nc5WKMBLqSKXxGZ4o8,446bfnrvLZxkjwSSDmBchr,Amor Bailando
4VwbXijbE0bSA0HzTvsqzH,5VrVwSbzT53r8i2f1QKDC9,4bw2Am3p9ji3mYsXNXtQcd,0EoHb71ZNnWhB8kHiMcDa6,Querida
0jT8Nl0shPS8115is0wD2Q,5VrVwSbzT53r8i2f1QKDC9,28gNT5KBp7IjEOQoevXf9N,6xS6mQz1fQZ6eZE654J15I,Favorito
3KvK89jd2onVdthF4hZNN4,5VrVwSbzT53r8i2f1QKDC9,1phfTBIocBW3UwqcYjaEN6,3kjw0eHhKKug5FEtGjW3BO,Cuenta Conmigo (feat. Mozart La Para)
3dEtfTtCXWW7N8WQ9FD29z,5VrVwSbzT53r8i2f1QKDC9,1Ts9of7VPZElwPQnqnDSfW,4IoXqa2p31wSTnOIYppcG3,En Tu Cuerpo - Remix
726hyiwgeAWzrDrtB0cJQN,5VrVwSbzT53r8i2f1QKDC9,1vrahybrKylgwkjhbmOz94,6uc0VM0ThcK7onhXRwS21Q,No Copia
1L9UBn6F0iY4HZeeH4teDZ,5VrVwSbzT53r8i2f1QKDC9,0eecdvMrqBftK0M1VKhaF4,3h1i2Oprt4fTDunTV4MRwx,Beso
2OpNyO5fxUAMRh2l3q58rL,5VrVwSbzT53r8i2f1QKDC9,5DUlefCLzVRzNWaNURTFpK,4gsXomW1Lp3QdNeYeJflA5,Nada - Acústica
15OjBeqNX3bShsGYQbteRv,5VrVwSbzT53r8i2f1QKDC9,329e4yvIujISKGKz1BZZbO,1R0ocprmeDu8ZkZn29xYFx,La Tóxica
4Pzk85DqWoLqptyA5IlhLk,5VrVwSbzT53r8i2f1QKDC9,1UjxAZqzphB1tsMb1aWBj0,2owNg3nikzMzLuQy9n0Jqz,Pegao / Me Miro y La Mire - TikTok Hit
11EnQRgRMJwMAesfkB5pnu,5VrVwSbzT53r8i2f1QKDC9,6i3DxIlAqnDkwELLw4aVrx,4XiHCUNnGgnnN5xkGue4RF,Se Te Nota (with Guaynaa)
6K5BsR04ijf3FHNzjbaagD,5VrVwSbzT53r8i2f1QKDC9,7iK8PXO48WeuP03g8YR51W,75Y4sJ1vwZfEivbsKPzAx6,Si Se Da - Remix
4NGlDkTO27uxg8del4oTAr,5VrVwSbzT53r8i2f1QKDC9,1pQWsZQehhS4wavwh7Fnxd,1IREmSsAW11sdfG8gDUygU,No Quiere Amor (feat. Farruko)
2bgcUk2A3jjKbCJ7KPquTi,5VrVwSbzT53r8i2f1QKDC9,3E6xrwgnVfYCrCs0ePERDz,5F7rUv9XZPAnNfeKCYkqZS,Mi Niña
2FuY90vcv3aqIyr1Rhfonw,5VrVwSbzT53r8i2f1QKDC9,2t7vyRN71qtQT18frElAnV,0kPWjClFxfrrG3FNtqHR07,Mi Nena
2J9B63FawlTaPdg4eH5X03,5VrVwSbzT53r8i2f1QKDC9,7a0XAaPaK2aDSqa8p3QnC7,1uFr2PCsnDVZ71AiJnZYrb,Loco
1dFvzd0wivuzxU2BLcEynb,5VrVwSbzT53r8i2f1QKDC9,3E6xrwgnVfYCrCs0ePERDz,7EEhUAhzyXzEGo0aZNX1rK,No Me Acostumbro
4tvtsvgrIksr7iqzPeADXB,5VrVwSbzT53r8i2f1QKDC9,3ATyg4fGC9F8trfb0GRWmX,3zIhxSQpieLvjXLpZSXdDa,Desesperado (Voy A Tomar)
56Ta1O7Jxxpjnc6cWdDKUo,5VrVwSbzT53r8i2f1QKDC9,0vR2qb8m9WHeZ5ByCbimq2,2U2tXCZs8j0H4NEvhfe4zV,Si Me Dices Que Sí
5YYW3yRktprLRr47WK219Y,5VrVwSbzT53r8i2f1QKDC9,4riOEaOW5hCeqomFDBk0aP,5Jk2ROWL8a4RxmFNiT8pvA,Ella No Es Tuya - Remix
46kIESvQJmNqC0cuADzDX0,5VrVwSbzT53r8i2f1QKDC9,1T19oNolVnNcXU8pywjvhy,7wPlieKOJaXLhMrHdF3wMj,La Tensión
4LDvYQPbRXCKW6ntfh4Q4w,5VrVwSbzT53r8i2f1QKDC9,4GAS1OgXh8D5pEA6s6eBNW,6Q4zwoTDmUiXBTwTjRqewK,Loco
1GBLO0NFODuL31A5fgw0uR,5VrVwSbzT53r8i2f1QKDC9,1r4hJ1h58CWwUQe3MxPuau,3YIUNL7qFE8NP3X3zaYSND,No Se Me Quita (feat. Ricky Martin)
6VjlXg8gNLQ9wSbqQfh76n,5VrVwSbzT53r8i2f1QKDC9,30HlKUFTsqlFQsPfyv2yuM,5RxV4pZuqZ1MDxaLWzdm9f,No Creo en el Amor (feat. Sanco & Becky G)
2HpbDdD3JLpAPMJFYCeC6o,5VrVwSbzT53r8i2f1QKDC9,1DxLCyH42yaHKGK3cl5bvG,2zXlWd1wEWDpoAQfBShNwJ,High (Remix)
1crlyg743B4fEKUFNsA8ps,5VrVwSbzT53r8i2f1QKDC9,1DxLCyH42yaHKGK3cl5bvG,7oCSJuNeGiJJHFNMRa81Sr,Perdidamente
0DnXQRCRex6PTCiG7HedWw,5VrVwSbzT53r8i2f1QKDC9,1DxLCyH42yaHKGK3cl5bvG,0C1x3r6pmTFD54y36lzDGO,Moon (feat. DANI)
0fea68AdmYNygeTGI4RC18,5VrVwSbzT53r8i2f1QKDC9,1vyhD5VmyZ7KMfW5gqLgo5,6ylFfzx32ICw4L1A7YWNLN,LA CANCIÓN
5HHWykPjtlGoJpZpoy4zNH,5VrVwSbzT53r8i2f1QKDC9,0tmwSHipWxN12fsoLcFU3B,2yYl7Q3GOoBjznGy0Rsc2f,Tiempo
1g4cZvi0nLeeIycd0Rkljj,5VrVwSbzT53r8i2f1QKDC9,3bvfu2KAve4lPHrhEFDZna,1hFRQRNjiMSWgH5xyEiVme,La Niña de la Escuela
1ESyXyXxZmII2sXhMVpk9D,5VrVwSbzT53r8i2f1QKDC9,4V8Sr092TqfHkfAA5fXXqG,2mqDkPwBQZe7dMydgXEbtT,Bésame
21N4Buj4xsyLb218lYle61,5VrVwSbzT53r8i2f1QKDC9,07YUOmWljBTXwIseAUd9TW,7aS92ROK5rixV65VSRGPct,Chica Ideal
6VOb0Kkrd45Bp5RHYSla2J,5VrVwSbzT53r8i2f1QKDC9,0vR2qb8m9WHeZ5ByCbimq2,5ON2micjtMSXspIHMxh5gc,Perfecta
6n8CqMxK4RqmUrX6gsJseD,5VrVwSbzT53r8i2f1QKDC9,4bw2Am3p9ji3mYsXNXtQcd,4ARUAVQnIDB02yVO8uvaJE,Una Vida Para Recordar
1v71LKD93imwKLGEVdajW5,5VrVwSbzT53r8i2f1QKDC9,5xSx2FM8mQnrfgM1QsHniB,5y5Qud31YIPnxbVjzojvmK,Contigo
3rBfD2swVRrL2yoqnTh2Fx,5VrVwSbzT53r8i2f1QKDC9,0KPX4Ucy9dk82uj4GpKesn,7GUGpSBpdK6cJmWO3KdA7r,Matemáticas
7g8YaUQABMal0zWe7a2ijz,5VrVwSbzT53r8i2f1QKDC9,0KPX4Ucy9dk82uj4GpKesn,6stPNzjz40FWTiwlOR98Lp,Pa Mí - Remix
7fy1buwGHqx1KVeTEtnhsL,5VrVwSbzT53r8i2f1QKDC9,3SCOuAxngTC1yGjKMcIPEd,39dtLaOuPgcmWm4NqjLcto,Cómo Te Odio
7iG17BHNVVEUr5gIiJX2xX,5VrVwSbzT53r8i2f1QKDC9,3SCOuAxngTC1yGjKMcIPEd,5TcY3XLRQoEfKOJGeTPbRS,Te Veo
4J2HLNTxiVxxs6kWgTIN43,5VrVwSbzT53r8i2f1QKDC9,0ZHPrnImGh4re3TbSNkoZl,5m71js7NkNRQNtS1wmfH7s,Porfa no te vayas
56f5qnyAlZdlz8wrUDA50h,5VrVwSbzT53r8i2f1QKDC9,2wkoKEfS6dXwThbyTnZWFU,01yYW0rRRwlEZx1dMmc5ff,Desconocidos
6U1lKeoOfRinPT7sXvZElo,1Y1FmzsU9oZO4e3SzRv4nr,4V8Sr092TqfHkfAA5fXXqG,1NLtyhskNtgdBDBC3JC7kh,Amor Prohibido
1d0c62VFYauOOgxZ2eFUxx,1Y1FmzsU9oZO4e3SzRv4nr,5C4PDR4LnhZTbVnKWXuDKD,4XoiA4NiNcjYPmJV8INiQE,Besos En Guerra
1kbs9WhfvoIUwm7SfHaddu,1Y1FmzsU9oZO4e3SzRv4nr,2DZsabXAIQY8oIslZlYvLw,6UCiDiYrSHpwITMAF3IRI8,Éramos tú y yo
5Vk8en0fUn5FMNFds69M5y,1Y1FmzsU9oZO4e3SzRv4nr,23cijmutocNvhM5xkcyyFF,3swpYrgkQbdFjKADwsWAXT,Aquí Te Espero (feat. Carlos Rivera)
65ARgdo0P4TlRtOSWnySOv,1Y1FmzsU9oZO4e3SzRv4nr,6wBGoSXRW9KedGG0UC7cGl,3sfMAcwar5uU33JsiMwQFk,Me enamoré (feat. El Micha)
3sjxyR6C8OjKPnGYpsthzH,1Y1FmzsU9oZO4e3SzRv4nr,77aLk6J8ofnVxa1eXK9jiU,1C4uTws6xznbtPOlkl1uBr,Acuérdate de Mí
114xlNyBqwTIkOdrU8LajN,1Y1FmzsU9oZO4e3SzRv4nr,5M9Bb4adKAgrOFOhc05Y50,6NmuOSiXv5WoA5lYjemVTt,"Y, ¿Si Fuera Ella? - + Es +"
3RD0PGolM0mETGHaprwgMn,1Y1FmzsU9oZO4e3SzRv4nr,0tmwSHipWxN12fsoLcFU3B,0ojcVRT3LvPrnuTP2VUaSA,Culpables
1nfyE13arjOuO54HH0zmqj,1Y1FmzsU9oZO4e3SzRv4nr,0tmwSHipWxN12fsoLcFU3B,1PEgEtk3DMrUxG6Mkco3Zg,Esperándote
2jKWUo5Yu84zZV1ciYXESV,1Y1FmzsU9oZO4e3SzRv4nr,7bp2lSdh12wcA8LyB1srfJ,1PqVyus1pImWBCinel17bO,Una Flor
4CeOG8F2Pef8Oc8E1hAwnI,1Y1FmzsU9oZO4e3SzRv4nr,77aLk6J8ofnVxa1eXK9jiU,7G7NHIkRMgVRNLtsOhMtRv,Más Que Amigos
0jfJ3nrM6dheg6tFJjhSE4,1Y1FmzsU9oZO4e3SzRv4nr,77aLk6J8ofnVxa1eXK9jiU,7G7NHIkRMgVRNLtsOhMtRv,Si Fuera Fácil
2DNSsQMdj2bVMWShioEe5o,1Y1FmzsU9oZO4e3SzRv4nr,77aLk6J8ofnVxa1eXK9jiU,7G7NHIkRMgVRNLtsOhMtRv,Por Última Vez
70fVcEP5pRrxaIICY3DcPe,1Y1FmzsU9oZO4e3SzRv4nr,2O3v9rCTzLhPFaGaAVgZLt,3rpgokRsH2ZRK0yqrfOrSi,Mi Persona Favorita
1sJGFyTpSemopwJ83gjQwy,1Y1FmzsU9oZO4e3SzRv4nr,4fI4lVtCzKKb3DjmbrGf9D,4sQZrWz0BFgKHBQNqf8iyp,Sin Tu Mitad
0N4jis8aNOjiIfkBl4mGje,1Y1FmzsU9oZO4e3SzRv4nr,2O3v9rCTzLhPFaGaAVgZLt,4yLZWoiV6At9flI5Qcyagr,Princesa (feat. CNCO)
5iqF2bOx5i4nSs1RrPkSGi,1Y1FmzsU9oZO4e3SzRv4nr,2O3v9rCTzLhPFaGaAVgZLt,1IywrhUMUMLzRgY8xs9z7s,Amigos No
0mAGeks6ns4FZWBPkjD9HR,1Y1FmzsU9oZO4e3SzRv4nr,4kcnsS1aAB40FMcLD01gmI,4Sj72xRJkdtcQ79INIEvvX,La Mujer Perfecta
1ZfTpp1U3oyarjE6BJRWqm,1Y1FmzsU9oZO4e3SzRv4nr,23cijmutocNvhM5xkcyyFF,0nkPDE37wScr94mANhr3r5,Ley De Newton (feat. Jesús Navarro)
3drpt8rGBDWm1EPocRanVm,1Y1FmzsU9oZO4e3SzRv4nr,1mX1TWKpNxDSAH16LgDfiR,09Gz79Vlh6TDdL5qt5PhQR,¡Corre!
4jKlF0cSp9v3c6fLI7LDZ5,1Y1FmzsU9oZO4e3SzRv4nr,0vR2qb8m9WHeZ5ByCbimq2,2X17BMIMWhZDWHL0UR1LBS,Niña
6QQRYvoB4prtqTtKwCuqHr,1Y1FmzsU9oZO4e3SzRv4nr,2O3v9rCTzLhPFaGaAVgZLt,1IywrhUMUMLzRgY8xs9z7s,"Te Quiero Mucho, Mucho"
1ITcEqIHJwRU1oTBz4M0uE,1Y1FmzsU9oZO4e3SzRv4nr,32x1uogH2zajP85pzZAtuE,1HqNCyE4T5lD1R1CYnE4Se,Mi Corazón Es Tuyo
5CfXlk5TUtTeP9NlPnynkv,1Y1FmzsU9oZO4e3SzRv4nr,1mX1TWKpNxDSAH16LgDfiR,09Gz79Vlh6TDdL5qt5PhQR,No Soy Una De Esas (feat. Alejandro Sanz)
4wAyrfKjqT054dxit9NSjr,1Y1FmzsU9oZO4e3SzRv4nr,7mXfsy3lF4kU0f2KTNKSr8,0FuN9p9bUAdLaNfZ53nVsV,Mientras Tanto
1VJvL7OC1CKskeKVdCjn3y,1Y1FmzsU9oZO4e3SzRv4nr,1T19oNolVnNcXU8pywjvhy,2dE3A9rIgQ3ILrVIJ54YQF,Rema
0ITiP8ZhU0kDc4O6KWV8Hv,1Y1FmzsU9oZO4e3SzRv4nr,0vR2qb8m9WHeZ5ByCbimq2,1kyEyfxfx98zHEmQuJJFxk,Tu Mirada
0z9tkAcQzHo5Xr20rUY3nw,1Y1FmzsU9oZO4e3SzRv4nr,2MmmFlTRNXxmrat4kdglT4,4T2KAg1lEY52sfgSMAfDjn,Novios
0WFjf2DORuBAqgTQcBBj6E,1Y1FmzsU9oZO4e3SzRv4nr,52UDKEZQj6BSoOFKgorTZQ,6LBguPn14Wajhvr2KN8LCJ,Me Gustas Tanto
7q4abscmWJefxXHqZz1tIn,1Y1FmzsU9oZO4e3SzRv4nr,1mX1TWKpNxDSAH16LgDfiR,09Gz79Vlh6TDdL5qt5PhQR,La de la mala suerte
4HKi1mdlMHpmt0uVwaJHs0,1Y1FmzsU9oZO4e3SzRv4nr,0vR2qb8m9WHeZ5ByCbimq2,2X17BMIMWhZDWHL0UR1LBS,No Sé Si Es Amor
4UsR2B9t2sGXzLTAP7owaG,1Y1FmzsU9oZO4e3SzRv4nr,7mXfsy3lF4kU0f2KTNKSr8,6lYploA8LE8W9bQyooAkGS,La Difícil
5BDP2tky8oMQJPS33frKVp,1Y1FmzsU9oZO4e3SzRv4nr,07YUOmWljBTXwIseAUd9TW,4Vtx3PxyOfBUBuEYAIocsP,Un Año
23iJ5lnEQ3xoMqxJYTnB6G,1Y1FmzsU9oZO4e3SzRv4nr,1gIUNwemvV0ieFYpL6jbEB,1K4kC7cnXZyebfGsoc08Cy,Quién Dijo Miedo
77SdNF7tydwgpqidtf9Vpn,1Y1FmzsU9oZO4e3SzRv4nr,52UDKEZQj6BSoOFKgorTZQ,6gnmKJC12tHfjNVpLxSf7g,Te Necesito Amor
1uToQp2kK1BXnINqNR3rwV,1Y1FmzsU9oZO4e3SzRv4nr,5ZsFI1h6hIdQRw2ti0hz81,3t4zOHKk8mPGgR2wzycAlg,"Un mundo ideal (Versión Créditos) - De ""Aladdín"""
3bHzzuRc2vU97FhJ0ohSKf,1Y1FmzsU9oZO4e3SzRv4nr,3p7Bs02UWDt5ENoJeUGqaB,2nWSJnbDqmXFX88nV4IIj6,La Bella Y La Bestia
1CaBwYdWhxUeE4j3w0WqbL,1Y1FmzsU9oZO4e3SzRv4nr,77aLk6J8ofnVxa1eXK9jiU,0ahu7dLUSPRWmrypXuKWPH,Primer Avión
7tQ24skemknA6PPh6gwFi1,1Y1FmzsU9oZO4e3SzRv4nr,1vrahybrKylgwkjhbmOz94,4JFLZE2lAjETtE7uvms4Fo,Mejores Amigos
5sy04oQ0kniQ8dxlrmJWZC,1Y1FmzsU9oZO4e3SzRv4nr,34NGq8vmhygXpCHEFdk1aH,30mNsoCkC4eeqNwLneTlQq,Amor De Verdade (Versión Español)
2GSr8anleCXKLNjjjijoMZ,1Y1FmzsU9oZO4e3SzRv4nr,0vR2qb8m9WHeZ5ByCbimq2,2X17BMIMWhZDWHL0UR1LBS,Yo Quisiera
2DcgfpjjP0EDY11XiBKUnX,1Y1FmzsU9oZO4e3SzRv4nr,7npqy7rgdX2D3yfVyWExKo,441w84evLgVKSEgdIw8f3m,Ayer La Vi
6dJPqP0gHP6iAZuIk1njBs,1Y1FmzsU9oZO4e3SzRv4nr,07YUOmWljBTXwIseAUd9TW,5Zyj0zwOksGYLbLAZOaC31,En Guerra
1sD32hk8V2vR4ME7M0rPT5,1Y1FmzsU9oZO4e3SzRv4nr,5DUlefCLzVRzNWaNURTFpK,3l8AkEiLKIulRlcFwY4frk,Tequila Sunrise
6ORMS8Ep717H3vzQFahFiy,1Y1FmzsU9oZO4e3SzRv4nr,1VrWc8r4AjrR8YfT0vlsc7,633EQz5mNZHb0lEl2fbHuz,Cariño Mío
606BGgNdORMaaehXb7UKAH,1Y1FmzsU9oZO4e3SzRv4nr,66q4aUeE6L8715QQ2yD68G,14RDfrnyoORdiM33BxwEXi,Sigo Buscándote
1WXIkC6u1GfAUHiZItwRtR,1Y1FmzsU9oZO4e3SzRv4nr,103xS8KmldMIFzgcD7FzhP,2if4tUybynicgCJj6bDhrB,Tres Notas
3NLipwkJxdeXFcedJoeKLn,1Y1FmzsU9oZO4e3SzRv4nr,6tWSpqkGhi4oaapZfgqxtT,2V9HGrHa328gqMVxj0rPe2,Me puedes pedir lo que sea - a dueto con Eiza González
0ogSDC0oa5lHMxPkTnltvv,1Y1FmzsU9oZO4e3SzRv4nr,30xVFd5hiy33d6mrczbNzZ,4iYZ51TxUFOYokbqqONJ11,Faltas Tú
5zybvIswDvvulGFXcM0DKk,1Y1FmzsU9oZO4e3SzRv4nr,2L0nCuTUHFPHC3Y8uqbUKw,3vcFOmCrmZnXeyx7gJ8L1s,Afortunado
5qbdGm4wvEAOTr5GW1hvoq,1Y1FmzsU9oZO4e3SzRv4nr,1T19oNolVnNcXU8pywjvhy,6ivVAAdAByI9fzZ6svcNBS,A Tu Lado
09nSCeCs6eYfAIJVfye1CE,1Y1FmzsU9oZO4e3SzRv4nr,7vXDAI8JwjW531ouMGbfcp,1xwUFsb21qbGugy09vdd7O,Oye
0Ls4i5oy30p9qwkX47hBa2,1Y1FmzsU9oZO4e3SzRv4nr,1G89WXRVVAEjU4VIwgg6XD,3c9rfTuSviV1bZBnXURf27,Otra Noche
7MI9okhsFhdFAjZb50Ev2U,1Y1FmzsU9oZO4e3SzRv4nr,1GfaAWKfZE9hrYS8IqkWKB,6rtZzOksQoQJG1OUvMngo3,Dile
0MmxdPPMzKRJO5wxeDgEdM,1Y1FmzsU9oZO4e3SzRv4nr,0tmwSHipWxN12fsoLcFU3B,0CUMVFalkFhZM6Xo0ErxLi,No Digas Que Te Vas
2V4hc5gplg7EXlrRUvD4rp,1Y1FmzsU9oZO4e3SzRv4nr,5C4PDR4LnhZTbVnKWXuDKD,1o5GGiUcnDHS9Y6OK9VBTM,Presiento
1jcAZRfufvi67KWnwRmizE,1Y1FmzsU9oZO4e3SzRv4nr,7vXDAI8JwjW531ouMGbfcp,63NHpsm33PdnR3lgdD0Wpg,Quiero Volver
79HGCslqZtLWulikVrIZuG,1Y1FmzsU9oZO4e3SzRv4nr,30xVFd5hiy33d6mrczbNzZ,07Jrx4GhqnTXiMJjeaaFGS,Eres Tú
2UjKBp6ClL3rEhv0RatBq9,1Y1FmzsU9oZO4e3SzRv4nr,7mXfsy3lF4kU0f2KTNKSr8,46lmZWwW30zqdWUHdRXy7g,Escape (feat. Gustavo Elis)
36p2NEHQ7nR1zAi2vznrOF,1Y1FmzsU9oZO4e3SzRv4nr,7mXfsy3lF4kU0f2KTNKSr8,5iDoB6R8twlIgUrxH3WUtv,Completa
7KvrfnCkHb2qBDyVOqJ2bt,1Y1FmzsU9oZO4e3SzRv4nr,0vR2qb8m9WHeZ5ByCbimq2,4BvD9caT3ZohqNQFcR8dVD,Ráptame
5155P3F5hq6PKYfG9TywTz,1Y1FmzsU9oZO4e3SzRv4nr,3IStYJkZzqb5HbYpoKzirl,6yP5CHDp7zjCogRfPXZvBl,No Puedo Mas
00TtHw4V118WdNi1yN9t39,1Y1FmzsU9oZO4e3SzRv4nr,0qKkpjlY5VEmY4n6CRbPZM,00xoj0ba1s3Wlr3g3l9XPV,Mia
75mVUHbkXidxhYAiUpxDHi,1Y1FmzsU9oZO4e3SzRv4nr,3m5qlPf2OkihLz3dRYnkPA,0WopxBdg0sehHG1JaxQSTZ,Ya no me llames
0SflP4WKvRfcVtIVFBO4y3,1Y1FmzsU9oZO4e3SzRv4nr,1T19oNolVnNcXU8pywjvhy,2d2gdLtNZxEzPmo9Evj6UL,Cada Quien A Lo Suyo
4jrZI0XdexLjrHlBwLbhzL,1Y1FmzsU9oZO4e3SzRv4nr,5Rj6rNR8zIlUUDCs1OyPmW,4Wd3wzu93MYl3sJPEvxLT8,Te Olvidaré
140VlbBCjZOGZIOSX6x0Ug,1Y1FmzsU9oZO4e3SzRv4nr,5Rj6rNR8zIlUUDCs1OyPmW,1mKzJBv8kysxPg8qwXMWU7,Loco por Ti (Acústico)
6yb8ktQyg2mH4fOUeIYkd5,1Y1FmzsU9oZO4e3SzRv4nr,1NxTfbylQiyMQ8yOFxG3x2,0tNUKyCe9j87bLlaIfWzd7,Niña Bonita - Acústico
5gJAEgNqkwrmZ4rgYwmTHd,1Y1FmzsU9oZO4e3SzRv4nr,6koJ0koSoyiHwlGPP6c1Lo,2rth6W6KqZScq2UoNCoahc,Te Confieso
0pgj4EzB1XRqgZemoMNG5D,1Y1FmzsU9oZO4e3SzRv4nr,28gNT5KBp7IjEOQoevXf9N,6xS6mQz1fQZ6eZE654J15I,Por Primera Vez
6e9x0Bw1mQEM84tR403zl3,1Y1FmzsU9oZO4e3SzRv4nr,1G89WXRVVAEjU4VIwgg6XD,6tu0Ff3lJRlFva2xMh7zB3,Por Qué Te Vas
1rgTPhfIsygO4HjDafOVzR,1Y1FmzsU9oZO4e3SzRv4nr,7A02nc5WKMBLqSKXxGZ4o8,0jXsX7bYf7FQE0CLGug86V,Como Antes
0G0p7mc4wEaQTsUpzEmkEs,1Y1FmzsU9oZO4e3SzRv4nr,0vR2qb8m9WHeZ5ByCbimq2,71i8oV332P87FwYsKeoAsR,La Bella y la Bestia
5gH9CSkFW45IjfocI8MPsb,1Y1FmzsU9oZO4e3SzRv4nr,2LRoIwlKmHjgvigdNGBHNo,7qFvB7ZvDIud6x16xMv3Ur,Perfecta
7erD8TKGNjHhNDqKAkEhMI,1Y1FmzsU9oZO4e3SzRv4nr,1sEGUJyocmOnW6emzgoHMM,122vrIZIMO0xi8BOfbp2uK,Pensando en Ti
5WyHtD7mPLyZaR4jWmYjwE,1Y1FmzsU9oZO4e3SzRv4nr,3EeG9gmLAb3hmLtB5zhE4f,1w6ecvOOMnBQpKoo8jCh5d,Fantasy
0fehAJVm4Yk9a1jlKi1B0q,1Y1FmzsU9oZO4e3SzRv4nr,77aLk6J8ofnVxa1eXK9jiU,4RScGVrfhjGu0X0A2AbwhP,Imposible Amor
5PGpc2m0iLr7EIclp6KVM0,1Y1FmzsU9oZO4e3SzRv4nr,4n6qnIZ45Kw3WwgCKRdLIw,5A0AHuAXNoSxyupfJ1nQ3G,Procura
0dccNZUdvy8I4oKCzECYwj,1Y1FmzsU9oZO4e3SzRv4nr,3yj43IXk2ADWZ9y6Q2oRMK,2KxhrhZQTt4lWq56HwUI5p,Amor a Primera Vista
0mX9hZlqKqgU2AZfuxxhB0,1Y1FmzsU9oZO4e3SzRv4nr,7dZHvdnkTQTXQIFQAQTd05,2YjqSwvQI0oMAvtkNUKzbX,Sin Título
6EgQ0qOpwA83iRDSFBNtUc,1Y1FmzsU9oZO4e3SzRv4nr,1b7AEdUSudOQoZF5ebUxCL,3py5UQNoZMecvronNEQp41,Confieso
1RUCPYCK0A2JyiJQ1CnNtc,1Y1FmzsU9oZO4e3SzRv4nr,4AGALQQLo0S46FUlhJ25V0,22BLtIl1OjZX8R4KtwvuXT,Y es que sucede así
3fVWfUVZSdS0UvZWOpenu8,1Y1FmzsU9oZO4e3SzRv4nr,0KBMnuWWdRmE0piCUybFxX,7mhSA1Hj6AEI1NTu7Vpu2S,Al Natural
1vucS7X4otbyQSZ9RXYXFI,1Y1FmzsU9oZO4e3SzRv4nr,1GDbiv3spRmZ1XdM1jQbT7,1LRi8tnlnSaxAcffcxzhwi,ANTES QUE SALGA EL SOL
1CSxT5dCO6cqafXxDfiXeN,1Y1FmzsU9oZO4e3SzRv4nr,1nTqe6BA0FSTKP6Eqoqskp,0XF9l5SEXVQM9wy9WrXEgi,Pasatiempo
5N5GaRpXYZl5ZKKU5a5LtH,1Y1FmzsU9oZO4e3SzRv4nr,7eLcDZDYHXZCebtQmVFL25,7s4icf5JqLJUpGuRncOTCK,Berlín
7fsCfaoT10jNWdaVzzofn9,1Y1FmzsU9oZO4e3SzRv4nr,3tfr7wWJjuwbH78oBO9vtF,2AyvCOM1JVgCqXzIRkY0CV,Madrid
1Nf60AnYxFl1xvZo12FZOV,1Y1FmzsU9oZO4e3SzRv4nr,5Rj6rNR8zIlUUDCs1OyPmW,3GRdrDwDPTg8jNjejST5ZW,Fuiste Mía
2gFszShmyBcS0tWOxBjS4K,1Y1FmzsU9oZO4e3SzRv4nr,0EQeLkMIz2EFV9UCSTmpEY,5ZIxsGTDohrbIf9AOGKHM3,Otro Chance
1Rh5evh7W09muuDQ8wXxAU,1Y1FmzsU9oZO4e3SzRv4nr,3SCOuAxngTC1yGjKMcIPEd,32yWKyxnOj5N3sHccjrRV5,Ladrones
59TY6qwu9lY4HRHM1oDGiv,1Y1FmzsU9oZO4e3SzRv4nr,1G89WXRVVAEjU4VIwgg6XD,4gpvDutq90VNgBZx63Xu4i,Esta Vez
5L6GNKMPQ7eCfc0mcNILbA,1Y1FmzsU9oZO4e3SzRv4nr,22P1OY4TRFRwhP0q29loQ8,3N1rzrLFvLAOVT8Pf5ZpbV,Como Así (feat. CNCO)
1y4fiS3YGivkzD9JPySuEA,1Y1FmzsU9oZO4e3SzRv4nr,3YLlfcDiFzKJXhTK4sKuCz,4yOjVLHlGIW6UD195bsUqN,Apenas Son Las 12
5EjRxRZTIpJP1nOdowCFbZ,1Y1FmzsU9oZO4e3SzRv4nr,5gOJTI4TusSENizxhcG7jB,4xTMKZ0p01gSgO0YW5aJud,"Vuelve, Vuelve"
0cS0bJ0oBylj3TFtz6x9pC,1Y1FmzsU9oZO4e3SzRv4nr,5C4PDR4LnhZTbVnKWXuDKD,01R2vYq9iDhn4ZXtM5dd7i,Idiota
65Y7BrkAe6ZgrNZ5pkVbZo,1Y1FmzsU9oZO4e3SzRv4nr,32rb0wEbmT4Ca775H2CIKs,6HDKl1lI8tIQIwvupvg8mP,Ella
4eRaQJMATvKGTACZp2NjN4,1Y1FmzsU9oZO4e3SzRv4nr,0yyx83soGkgD75WIYtzPyG,4I5mWvbVLU572IjXAUmpC4,olvidarte </3
199LDzwbUTc2wEroyRxhBM,1Y1FmzsU9oZO4e3SzRv4nr,1JbemQ1fPt2YmSLjAFhPBv,22WkSpR8xE9VIwYutklC6Q,Veo en ti la luz
4J2HLNTxiVxxs6kWgTIN43,1Y1FmzsU9oZO4e3SzRv4nr,0ZHPrnImGh4re3TbSNkoZl,5m71js7NkNRQNtS1wmfH7s,Porfa no te vayas
3L7J5rDso9CSMBaKuiw6DB,1Y1FmzsU9oZO4e3SzRv4nr,103xS8KmldMIFzgcD7FzhP,2AUxcWx12JPbcrboKacdLh,3 Notas
4PHX6bpHDxiR9RGzAKWcyk,1Y1FmzsU9oZO4e3SzRv4nr,7qG3b048QCHVRO5Pv1T5lw,5JNhQFH8HMKQWP4SITzdoc,Cuando Me Enamoro
3z96E6DaTMAgj8QXOhK26A,1Y1FmzsU9oZO4e3SzRv4nr,6sq1yF0OZEWA4xoXVKW1L9,6pJmik7KjCRidOZwEqYWuy,Mañana Es Para Siempre
3JqGmdzIAlqb2js47ccp1s,1Y1FmzsU9oZO4e3SzRv4nr,3sMYEBy0CZFxedcnm9i9hf,7889ePo9oCZWjzUPlXGmBg,Pensando En Ti
5aiTsqQY33m7oPYf55o2eG,1Y1FmzsU9oZO4e3SzRv4nr,1dPGTfknpFpTXTiFtixt8b,1kazbBPuMz6h47XhzNBuXv,Mi Vida Eres Tú
7MgegZtdz8N6p4FHgVMaw3,1Y1FmzsU9oZO4e3SzRv4nr,3LKXWvXFWrkwUzJWxzwVpW,3gvDroaxVajs2EDUABP3C7,Mi Amor Es Pobre (feat. Ken Y & Arcangel)
2cN5mDk3Si8QbfEEk4qd79,1Y1FmzsU9oZO4e3SzRv4nr,4DYFVNKZ1uixa6SQTvzQwJ,0vXxyfmsPbD7QybprQ0UNf,Princesa
4hJQOrzQJiIHzh7eYpRgxG,1Y1FmzsU9oZO4e3SzRv4nr,2gRP1Ezbtj3qrERnd0XasU,7dTSfhp5okEjaYXp38LwVf,Perderte de Nuevo
79ELd0ujB11j7ZNQ1YtzXk,1Y1FmzsU9oZO4e3SzRv4nr,6boF1tAsl9ajM6pHgDza5e,6ppnZdGidZzZ6tDlok4byI,Dame una Cita
6lGcmZrOlUydYvJyEeQQI3,1Y1FmzsU9oZO4e3SzRv4nr,6xzLxeKnVeS5fbQqkDQbQZ,5lz2LSDxlnu5QfDbtVMqDf,modo avión
2quTytCTP9kKLvpveyO1mt,1Y1FmzsU9oZO4e3SzRv4nr,0UWZUmn7sybxMCqrw9tGa7,2HbvQeJXke68tjwOcsj8ne,Para Tu Amor
5kGGEaHEzrtqC4UJr8LiVR,1Y1FmzsU9oZO4e3SzRv4nr,68KZ4vm3B5yAZutdy2RvIE,6EAn7VG0UE83hUkzrUMBME,Nadie Sabe
79Le7RyHdaPC1eEZBpFm4x,1Y1FmzsU9oZO4e3SzRv4nr,1ISG0zSleX4gwbBf4AydB8,3VgQqkogbq1J5tNxz0Cbbj,Así Te Pedí
1CIxgdp9BxDZ84DJgxSp4R,1Y1FmzsU9oZO4e3SzRv4nr,4bw2Am3p9ji3mYsXNXtQcd,1RmpGSNvLHvsklRAQ5DwOb,Correr el Riesgo
7CjTO8jfdSu9wB9t8w7S96,1Y1FmzsU9oZO4e3SzRv4nr,103xS8KmldMIFzgcD7FzhP,2if4tUybynicgCJj6bDhrB,Aire Al Respìrar
7MHN1aCFtLXjownGhvEQlF,1Y1FmzsU9oZO4e3SzRv4nr,0tmwSHipWxN12fsoLcFU3B,75maIus9xRaEQzPXOSOTew,Una Lady Como Tú
1juHIWqgFiDFAKuEBP24Lt,1Y1FmzsU9oZO4e3SzRv4nr,5DUlefCLzVRzNWaNURTFpK,66gJE320Be12GcqN7BKFk0,Sirena
7BCer0V0I1CZDI6S6kYD44,1Y1FmzsU9oZO4e3SzRv4nr,4dqi10p8S91S2ChvcWsi1L,4s4s0t7K2ZRwwcPvV2ohYm,Son de Amores
2InwuPzny8uBfBN2s161EO,1Y1FmzsU9oZO4e3SzRv4nr,3ACXHZy8G3rvNiDPaw6Jpm,0h3sP6u7kISNviZCcDlhHY,No me Acostumbro
4dIix1bIj85e5Am4Y6g31M,1Y1FmzsU9oZO4e3SzRv4nr,0uMBj1TX0cktGnVzLlgWux,71HjHwCNDWLXmNLoo2MiFg,Clavame Tu Amor
2ixegAWMHscuB2atSYw74z,1Y1FmzsU9oZO4e3SzRv4nr,1BCfXYvYcVKfcNNV7h3TKJ,0knqUzTkvYaHhbXgRKeCj9,Tu Eres Perfecta
6Tp9Mpbg8Q9ni0l6iReLVI,1Y1FmzsU9oZO4e3SzRv4nr,5NS0854TqZQVoRmJKSWtFZ,7qBkmeCZE4d5naTzDu8dpx,El Poeta
4u5xLMRN0dgKBFFN8FiNgv,1Y1FmzsU9oZO4e3SzRv4nr,5NS0854TqZQVoRmJKSWtFZ,5WdtDMLZ889QUGhstd0r96,Niña Bonita
1XnZjOjDtR1xf7Y6xkEQ2j,1Y1FmzsU9oZO4e3SzRv4nr,5NS0854TqZQVoRmJKSWtFZ,5WdtDMLZ889QUGhstd0r96,Contigo
4mDWapOAzoFsHu8TPcP2R0,1Y1FmzsU9oZO4e3SzRv4nr,72R3RMGmSmzG57R7OUaDaN,4fbI9fPXCA7DZkkef3rBuG,Tengo Un Amor (feat. Rakim & Ken-Y) - Remix Version
3vsW3JV9Rnt3Fl3XPWqwB3,1Y1FmzsU9oZO4e3SzRv4nr,5sUrlPAHlS9NEirDB8SEbF,6ffekWtpdAAd9U16ikmD7s,No Me Compares
0M6KY0x5u65ybXHZ3IAega,1Y1FmzsU9oZO4e3SzRv4nr,0vR2qb8m9WHeZ5ByCbimq2,2X17BMIMWhZDWHL0UR1LBS,Qué Vida la Mía
5g845g8NvjPhnRvIQCD2jg,1Y1FmzsU9oZO4e3SzRv4nr,4NEYQeEYBUjfaXgDQGvFvu,6IIvdAgLtisXjNnxZpBxOX,Si Quieres Decir Adiós (feat. Debi Nova)
2sH1DIngiSA8EQfkcQXpBq,1Y1FmzsU9oZO4e3SzRv4nr,3ATyg4fGC9F8trfb0GRWmX,10BqbyvQvltaEwWr9I67l8,La Melodía
